equipo_id|jugador|foto_id
441|A. Chávez|503766
441|M. Mansilla|59258
441|L. Meuli|363348
441|M. Aimar|664563
441|L. Ayala|560263
441|T. Fagioli|645359
441|N. Garcia|660323
441|I. Isla|560375
441|J. Ludueña|376599
441|J. Pintado|51522
441|B. Pittón|6110
441|M. Rocha|283338
441|T. Rubio|363340
441|L. Vargas|414535
441|B. Cuello|58684
441|E. Giaccone|503765
441|S. Grella|538364
441|M. Luna Diale|51409
441|V. Malcorra|35921
441|L. Menossi|6152
441|J. Mosqueira|411293
441|J. Palacios|167652
441|M. Peresutti|560448
441|A. Solari|5921
441|S. Vera|415032
441|M. Aguirre|555909
441|L. Cacciabue|560323
441|V. J. Cerrudo|560310
441|M. Estigarribia|27613
441|F. Fragapane|6128
441|E. Ramírez|5687
441|R. Solbes|560447
441|C. Tarragona|5312
442|L. Amadé|288758
442|M. Borgogno|6045
442|F. Quintana|465145
442|E. Burdin|436939
442|D. Domínguez|516774
442|D. Fernández|129897
442|M. Lopez|659524
442|V. Loza|560422
442|E. Lucero|392041
442|D. Martínez|5991
442|A. Portillo|292864
442|F. Román|95594
442|N. Roselli|566385
442|L. Souto|136249
442|Mateo Aguiar|470403
442|É. Banega|2050
442|Jonas Cabrera Maximo|668288
442|A. Hausch|194901
442|J. López|5917
442|J. Lucco|430102
442|T. Martinez|560360
442|A. Molinas|5976
442|C. Pérez|70268
442|M. Porcel|414422
442|Maximo Rodriguez|636449
442|S. Sosa|463839
442|F. Altamira|328706
442|D. Barbona|6029
442|D. Blanco|2471
442|E. Cantero|663278
442|A. Coria|560283
442|L. Fernández|6070
442|Ramiro Gagliardi|668290
442|L. González|414340
442|J. Gutiérrez|51441
442|T. Pérez|421048
442|Tiziano Perrota|524475
445|N. Durán|426253
445|H. Galíndez|16380
445|S. Meza|196749
445|L. Blondel|5626
445|Ignacio Campo|492745
445|C. Ibáñez|68011
445|L. Lescano|435724
445|F. Martinez|645334
445|M. Nervo|35779
445|F. Pereyra|5201
445|M. Soto|516765
445|F. Vera|6111
445|Ó. Cortés|351923
445|L. Gil|6511
445|F. Kalinger|516763
445|L. Mora|516757
445|E. Ojeda|6513
445|T. Peralta|516760
445|S. Raynelli|671107
445|R. Fernández|70590
445|Ó. Romero|2515
445|F. Waller|51640
445|B. Barticciotto|196005
445|J. Bisanz|304371
445|J. Caicedo|16590
445|Máximo Palazzo|500831
445|I. Pussetto|30812
446|N. Losada|59173
446|F. Petroli|203534
446|R. De Jesús|287377
446|T. Guidara|6567
446|C. Izquierdoz|5965
446|T. Laplace|449248
446|Tomás López|674266
446|S. Marcich|129986
446|N. Morgantini|5295
446|G. Pérez|197062
446|M. Ramirez|669548
446|L. Romero|465141
446|F. Sánchez|465140
446|J. Canale|70732
446|A. Cardozo|6147
446|R. Carrera|6030
446|M. Moreno|6217
446|A. Medina|465137
446|F. Peña|311316
446|M. Sepúlveda|11486
446|F. Watson|202082
446|B. Acosta|414423
446|T. Y. Balbuena|560345
446|L. Besozzi|288730
446|G. Lobos|586036
446|E. Salvio|576
446|Y. Valois|467182
446|A. Wlk|281355
449|D. Rodríguez|5931
449|G. Santilli|310178
449|I. Abraham|58486
449|J. Alfaro|170129
449|L. Cano|237088
449|S. Daniele|474958
449|M. Lopez|637597
449|R. Malanca|199187
449|M. Mendizabal|653994
449|N. Meriano|292834
449|Brandon Oviedo|500140
449|N. Paz|30475
449|T. Adoryán|362721
449|J. Arteaga|281971
449|Santiago Esquivel|493788
449|L. Gómez|469552
449|S. López|5359
449|N. Moreno|13479
449|I. Pais|187451
449|L. Ríos|129891
449|L. Villegas|310518
449|F. Álvarez|6037
449|F. Anselmo|5683
449|A. Balboa|11775
449|M. Hernández|369729
449|A. Machado|70077
449|Federico Medina|455758
449|Lisandro Piñero|484294
449|T. Rodríguez|11400
449|D. Zalazar|354789
450|R. Borzone|415124
450|F. Iacovich|356937
450|F. Muslera|429
450|G. Benedetti|289472
450|M. Desábato|515938
450|R. Funes Mori|1688
450|L. González|50875
450|E. Mancuso|311070
450|E. Meza|289426
450|S. Núñez|346270
450|T. Palacios|311360
450|J. Pereyra|461223
450|V. Pierani|449258
450|A. Castro|5942
450|J. Elías|6310
450|G. Neves|51580
450|B. Kociubinski|289478
450|M. Monsalve|277771
450|T. Palacios|206984
450|Lucas Ezequiel Piovi|5275
450|B. Gallego|363341
450|J. Sosa|49887
450|B. Aguirre|289465
450|L. Alario|982
450|J. Burgos|463852
450|G. Carrillo|47421
450|E. Cetré|94599
450|J. Correa|1854
450|Juan Gabriel Rivas Rivera|307541
450|A. Gaich|6629
450|F. Pérez Escudero|463854
450|Benjamin Sagues Barreiro|465218
451|L. Brey|177230
451|J. García|5903
451|A. Marchesín|2464
451|Á. Montero|2481
451|L. Blanco|289444
451|A. Costa|288750
451|L. Di Lollo|369412
451|N. Figal|6082
451|D. Gorosito|414484
451|F. Herrera|560376
451|L. Lozano|51332
451|Marco Pellegrino|212842
451|M. Satas|606034
451|W. Alarcón|11424
451|T. Aranda|510587
451|S. Ascacíbar|26305
451|T. Belmonte|6209
451|L. Bianco|628475
451|M. Braida|5791
451|C. Palacios|11463
451|M. Delgado|459876
451|L. Paredes|271
451|C. Rey|414378
451|Á. Romero|2521
451|R. Bacidalupe|560377
451|A. Bareiro|35551
451|L. Flores|510586
451|M. Giménez|59229
451|M. Merentiel|6327
451|E. Valencia|35533
451|A. Velasco|6092
451|S. Villa|2494
452|Luka Fuster|475537
452|M. Leguizamon|670840
452|L. Morales|6196
452|T. Sultani|59081
452|F. Zenobio|201825
452|F. Álvarez|75844
452|R. Arias|44568
452|N. Banegas|119830
452|A. Barrionuevo|169917
452|M. Garay|59046
452|J. Laso|6051
452|L. Minniti|545937
452|V. Moreno|415136
452|G. Requena|412107
452|G. Soto|11601
452|J. Villalba|414425
452|N. Dubersarsky|451017
452|S. González|415140
452|B. Leyes|323254
452|A. Lezcano|560287
452|P. Martínez|50886
452|S. Medina|265943
452|J. Saralegui|392734
452|T. Serrago|458318
452|J. Dómina|363359
452|M. Fernández|506461
452|S. López|414392
452|M. Méndez|51789
452|A. Oviedo|70490
452|I. Peluffo|560390
452|Marco Rivas|646546
452|I. Russo|289448
452|Ian Martin Subiabre|414380
453|J. Blázquez|162447
453|S. Mele|61895
453|R. Rey|2356
453|S. Arias|30
453|J. Arrayago|669570
453|L. Barros|560461
453|F. Calderón|6106
453|F. Closter|524484
453|J. De Irastorza|475570
453|J. Fedorco|58363
453|L. Godoy|6228
453|S. Montiel|265973
453|S. Valdez|5879
453|F. Zabala|14004
453|S. Bodnar|560351
453|L. Cabral|80605
453|Facundo Cruz|669779
453|I. Marcone|2474
453|D. Martínez|413307
453|J. Medina|510398
453|M. Meza|35550
453|Lautaro Millán|471407
453|J. Palais|599937
453|M. Perez|560306
453|J. Velardez|560463
453|M. Abaldo|348720
453|E. Ávila|47579
453|N. Junco|560281
453|I. Machuca|6121
453|I. Morales|2565
453|T. Parmo|455046
453|F. Tempone|560363
455|T. Durso|6421
455|L. Ingolotti|6256
455|L. Di Plácido|6201
455|G. Ferrari|6600
455|C. Ferreira|460761
455|I. Galván|302947
455|J. Infante|5291
455|Ramiro Paunero|519278
455|J. Rodríguez|6540
455|G. Suso|5631
455|Luciano Vallejo|510346
455|M. Villa|129968
455|M. Carrizo|560362
455|G. Compagnucci|6473
455|J. Fernández|11605
455|L. Godoy|475936
455|R. Granillo|560300
455|E. Ham|6715
455|Tomas Jung|670006
455|K. Ortíz|354944
455|R. Tesuri|5452
455|L. Vega|560415
455|G. Abeldano|538351
455|M. Brondo|403323
455|A. Canelo|35715
455|L. Díaz|6038
455|F. Nicola|354656
455|N. Laméndola|199926
455|F. Pimienta|362754
455|R. Ruíz Rodríguez|129907
456|S. Barbi|465150
456|J. Florentín|449257
456|E. Unsain|5932
456|F. Yenerich|506792
456|G. Báez|36194
456|T. Baroni|645345
456|M. Catalán|36035
456|T. Chamorro|514291
456|V. Fascendini|425741
456|S. Fernández|406489
456|A. Maidana|425020
456|J. Palomino|30428
456|R. Riquelme|306546
456|A. Schott|129883
456|B. Trey|560429
456|G. Baroni|516787
456|M. Caceres|278604
456|F. Cristaldo|6546
456|F. Fattori|5554
456|M. Galarza|306548
456|L. Ortiz|560430
456|J. Sforza|237089
456|A. Álvarez|278190
456|E. Chiavassa|516785
456|V. Dávila|501779
456|V. Depietri|133621
456|Rick|119666
456|D. Valoyes|6254
457|G. Arias|2547
457|J. Reinatti|414541
457|B. Cabrera|128186
457|F. Escobar|50874
457|L. Gianetti|6050
457|I. Glavinovich|371499
457|N. Goitea|276524
457|M. Luciano|310661
457|M. Ortega|5671
457|S. Salcedo|2505
457|O. Salomón|126858
457|Valentino Andres Acuña|414383
457|B. Benedetto|560291
457|L. Carrizo|74973
457|M. Esponda|311377
457|J. Mattar|515783
457|L. Gómez|414518
457|R. Herrera|280936
457|L. Regiardo|503767
457|A. Soñora|129885
457|D. Sotelo|388078
457|M. Cóccaro|51892
457|M. García|68193
457|Facundo Gauch|511036
457|W. Mazzantti|59231
457|W. Núñez|368992
457|I. Ramírez|51560
457|T. Rios|579715
457|J. Russo|414547
457|Francisco Scarpeccio|513370
457|S. Solari|170127
458|B. Cortés|2548
458|G. Siri|354785
458|F. Álvarez|6533
458|C. Bravo|6374
458|Facundo Carrizo|613327
458|K. Coronel|414515
458|É. Godoy|51278
458|T. Gomez|663281
458|M. Mendoza|405315
458|A. Núñez|311802
458|F. Paredes|129879
458|S. Prieto|5546
458|F. Vázquez|414516
458|T. Yánez|472562
458|A. Alcaraz|653993
458|G. Florentín|68014
458|Santino Gianini|659461
458|K. Gutiérrez|6314
458|G. Infantino|289447
458|H. López|5999
458|F. Mancuello|35720
458|N. Oroz|11832
458|G. Bouhier|527953
458|M. Giménez|6558
458|F. Jainikoski|560435
458|R. Kida|373589
458|T. Molina|75989
458|D. Porcel|463830
458|G. Verón|6737
458|E. Viveros|311353
460|F. Altamirano|6363
460|J. Devecchi|6595
460|E. Amor|6259
460|D. Arboleda|538358
460|O. Arias|414527
460|Nicolas Blanco|635416
460|A. Cordoba|463843
460|G. Corujo|51566
460|M. de Ritis|354062
460|E. Herrera|362571
460|F. Lorenzón|350159
460|T. Rodríguez|506494
460|N. Tripichio|5938
460|G. Abrego|290051
460|G. Alassia|296488
460|M. Cardillo|363334
460|F. Farías|159122
460|Facundo Gulli|657005
460|M. Insaurralde|6618
460|A. Ladstatter|499177
460|U. Ojeda|560418
460|I. Perruzzi|506493
460|Juan Rattalino|506474
460|M. Río|304382
460|J. Álvarez|6384
460|R. Auzmendi|198386
460|N. Barrios|6613
460|A. Cuello|5925
460|D. Herazo|13526
460|M. Hernández|369729
460|M. Reali|170829
460|E. Salas|560284
460|G. del Prete|51841
473|Nicolás Bolcato|613326
473|Emmanuel Gómez|288693
473|E. Bonifacio|6425
473|L. Costa|51419
473|J. Elordi|58362
473|L. Gómez|6380
473|A. Osella|355301
473|S. Studer|311362
473|A. Vigo|6645
473|I. Villalba|70790
473|T. Bottari|292885
473|L. Bucca|288705
473|D. Crego|59088
473|M. Fernández|133614
473|J. Florentín|119809
473|S. Moreyra|289431
473|A. Riep|319435
473|G. Ríos|194899
473|L. Sequeira|167651
473|K. Vázquez|388480
473|A. Arce|95460
473|R. Atencio|362740
473|L. Díaz|324731
473|V. Ramis|6329
473|M. Salas|11493
473|F. Sartori|354677
474|I. Arboleda|2480
474|T. Ayala|426454
474|G. Arturia|310717
474|J. Cabrera|306545
474|G. Díaz|362526
474|U. Giménez|414391
474|J. Insaurralde|11417
474|R. Orihuela|195506
474|N. Pasquini|6213
474|T. Santamaría|354786
474|Agustín Seyral|469328
474|L. Suárez|58581
474|F. Alaggia|637596
474|M. García|304378
474|E. Giménez|506482
474|O. Giménez|454504
474|Mauricio Leonel Martínez|5918
474|J. Mavilla|422464
474|A. Nadruz|5643
474|Jhon Rentería|470218
474|C. Villalba|6247
474|C. Zabala|5682
474|Y. Arismendi|58607
474|J. Contrera|354678
474|D. Churín|70568
474|Alexis González|449511
474|G. González|6119
474|J. Herrera|59355
474|P. Magnín|5561
474|J. Marabel|70638
474|Brandon Márquez|472197
474|S. Salle|403297
476|I. Arce|5774
476|M. Arzamendia|70812
476|I. López|5423
476|M. Aiello|507607
476|M. Bracamonte|5570
476|R. Gallo|296833
476|I. Gariglio|289420
476|J. Goitía|59338
476|F. Miño|294447
476|Y. Murillo|59342
476|C. Paz|5545
476|C. Quintana|6707
476|P. Ramírez|278365
476|J. Randazzo|75690
476|E. Tovo|59043
476|M. Céliz|59200
476|T. Lauro|456353
476|P. Monje|294454
476|B. Pérez|440094
476|B. Sánchez|59357
476|D. Sanchez|639228
476|N. Sansotre|5526
476|M. Smarra Vargas|427280
476|N. Watson|5800
476|Á. Almada|309975
476|Antony Daniel Alonso Espinoza|106319
476|N. Benegas|5415
476|A. Díaz|6617
476|L. Duarte|540441
476|G. Flores|278607
476|T. González|355276
476|M. Graneros|169899
476|G. Obredor|411409
476|Á. Stringa|106338
476|F. Ventresca|650875
478|M. Ledesma|5660
478|E. Sittaro|156128
478|F. Alarcón|5510
478|A. Bravo|296491
478|G. Cerato|119683
478|H. De La Fuente|6049
478|J. Galván|6713
478|A. Massaccesi|456286
478|L. Mosevich|48479
478|G. Ordonez|647821
478|D. Sosa|6158
478|G. Abregú|6670
478|J. Acevedo|6612
478|P. Baster|560381
478|A. Coronel|645341
478|M. Gallardo|413142
478|J. Lázaro|455045
478|A. Luna|294787
478|Sean Adu-Gyamfi|524434
478|J. Meli|323574
478|I. Méndez|6240
478|F. Moyano|6721
478|L. Sanseviero|195510
478|W. Viera|191865
478|J. Córdoba|13251
478|M. Fonseca|161860
478|N. Guerra|11839
478|B. Olmedo|560319
478|L. Rafaelli|560419
478|F. Suárez|58808
478|M. Tissera|5396
1064|B. Bustos|75893
1064|Santino Cambiasso|681298
1064|J. Cozzani|6193
1064|N. Sumavil|129888
1064|Thiago Currado|613328
1064|Stefan Đokić|524454
1064|A. Lagos|129905
1064|F. López|355287
1064|M. Mendia|459866
1064|S. Quirós|404631
1064|E. Raggio|366554
1064|J. Saborido|170010
1064|T. Silva|353488
1064|I. Vázquez|59184
1064|V. Cuesta|10377
1064|F. Amarfil|296128
1064|M. Barrios|51694
1064|Felipe Bussio|475729
1064|P. Ferreira|355274
1064|I. Gómez|6400
1064|L. Heredia|6653
1064|G. Togni|5958
1064|F. Zapiola|322307
1064|H. Bobadilla|195108
1064|S. Dalmasso|459877
1064|J. Gauto|196750
1064|L. Giménez|294033
1064|G. Lencina|6591
1064|N. López|10402
1064|A. Lotti|6129
1064|G. Mainero|6059
1064|B. Merlini|5947
1064|F. Minerva|455314
1064|T. Nasif|463850
1064|N. Retamar|58544
1064|B. Sepúlveda|58591
1064|M. Tucker|451011
1065|A. Aguerre|6330
1065|M. Alvarez|671108
1065|J. Vallejos|426313
1065|F. Aguilar|9980
1065|Lucas Bernabéu|433517
1065|D. Cáceres|6198
1065|Y. Casermeiro|444702
1065|N. Garrido|576650
1065|J. Gómez|289436
1065|A. Maciel|5810
1065|F. Mansilla|290806
1065|L. Marchi|5199
1065|F. Martínez|309827
1065|S. Moyano|5796
1065|J. Pignani|353506
1065|J. Cardozo|354790
1065|T. Cravero|313063
1065|L. González|126671
1065|M. Iacobellis|59201
1065|A. Laprida|577350
1065|F. Rodriguez|560339
1065|M. Vera|51094
1065|D. Barrera|405310
1065|Joaquin Flores|634731
1065|E. Naya|322308
1065|M. Santos|47424
1065|L. Sequeira|6593
1065|H. Tijanovich|6452
1065|L. Varaldo|237207
2432|J. Espínola|2496
2432|L. Fernandez|681555
2432|M. Miño|6493
2432|R. Barrios|74933
2432|G. Campi|41409
2432|N. Capraro|126866
2432|N. Demartini|5541
2432|K. Jappert|368991
2432|D. Martínez|6109
2432|E. Pereyra|6604
2432|Y. Rak|67906
2432|F. Tobio|35712
2432|Carlos Arce|59322
2432|R. Bogarín|70730
2432|M. Duarte|311372
2432|Y. Gordillo|13367
2432|Tomas Lavezzi|521993
2432|G. Maroni|6239
2432|D. Miloc|6279
2432|T. Porra|306707
2432|M. Puig|296736
2432|E. Rolón|30783
2432|Enzo Taborda|506395
2432|I. Tapia|59328
2432|J. Barbieri|126865
2432|N. Briasco|6189
2432|F. Bruera|5684
2432|J. Candia|52000
2432|L. Gamba|6192
2432|Ivan Guaraz|503556
2432|R. Insúa|156767
2432|J. Morales|390809
2432|N. Orsini|5187
2432|W. Rivera|216526
2432|B. Valdez|560400
463|Lucas Acosta|6563
463|Kevin Baez|677996
463|I. Chicco|6634
463|N. Breitenbruch|36357
463|B. Cufré|6048
463|E. López|125333
463|S. Moya|310986
463|J. Pombo|296493
463|L. Rodríguez|6143
463|L. Sigali|5910
463|Mateo Vales|669471
463|N. Zalazar|5632
463|Pablo Argoytia|677966
463|R. Bochi|58770
463|L. Castro|30567
463|L. Chávez|6437
463|N. Gaitán|50907
463|M. García|475004
463|F. Gino|6269
463|R. González|6502
463|Mateo Lambardi|659417
463|F. Laurelli|381340
463|N. Linares|6381
463|F. Perruzzi|311320
463|J. Salinas|654549
463|A. Sosa|405692
463|F. Anso|560365
463|A. Chávez|6190
463|N. Cordero|6191
463|B. Dadín|524235
463|A. Fernandez|560350
463|T. Fernández|5504
463|M. Godoy|5654
463|N. Guzmán|195757
463|R. Márquez|288756
463|B. Palavecino|344891
463|A. Vombergar|53722
1066|L. Petruchi|5778
1066|C. Rigamonti|6564
1066|S. Roggero|463414
1066|L. Carrera|455044
1066|I. Cortez|360273
1066|J. Franco|95200
1066|G. Guiffrey|6429
1066|D. Mondino|5348
1066|E. Muñoz|47406
1066|L. Paredes|363395
1066|G. Patritti|648739
1066|M. Recalde|310719
1066|F. Saavedra|359012
1066|M. Ubeda|545946
1066|F. Antonini|5170
1066|N. Barboza|309626
1066|J. Ceballos|425728
1066|T. O'Connor|311341
1066|T. Ortiz|5949
1066|B. Andrada|5364
1066|B. Armoa|70841
1066|L. Cingolani|296129
1066|E. Fernández|413143
1066|F. Lencioni|312314
1066|A. Módica|440074
1066|S. Rodríguez|58688
1066|N. Romano|5368
1066|I. Sabatini|296125
1066|U. Sánchez|135336
1066|V. Simoni|459878
1066|M. Vargas|6066
2424|L. Bruera|5833
2424|Lautaro Herrera|638292
2424|A. Lastra|311069
2424|J. Antonini|5171
2424|Lucas Baños|456233
2424|F. Cobos|6299
2424|G. Gonzalez|369957
2424|R. Lozano|5669
2424|G. Maffini|75580
2424|S. Ojeda|16618
2424|M. Pagliaricci|566473
2424|B. Pieroni|656521
2424|A. Quiroga|414153
2424|Jeremías Ramponi|507863
2424|F. Rodríguez|311332
2424|M. Valenti|407357
2424|G. Alanís|6577
2424|A. Cabrera|58578
2424|L. Cepeha|566655
2424|T. González|411414
2424|I. Hesar|58594
2424|F. Lo Celso|129877
2424|T. Olmos|414202
2424|M. Rodriguez|654322
2424|S. Rosané|289468
2424|N. Talpone|5500
2424|R. Ábila|5979
2424|M. Bajamich|5801
2424|J. Chala|554507
2424|J. Ferreira|58593
2424|F. Gallardo|653041
2424|F. Galván|289469
2424|M. Garnerone|6589
2424|J. Garro|6179
2424|M. Molina|6097
2424|Y. Moreno|59540
2424|B. Moyano|654189
2424|M. Valiente|6253
434|H. Castillo|59574
434|N. Insfrán|6422
434|J. Kadijevic|345205
434|B. Barros Schelotto|296834
434|J. Cortazzo|455043
434|G. Errecalde|280930
434|A. Gelsomino|619437
434|G. Conti|559
434|R. Giampaoli|278372
434|L. Lamella|650880
434|J. Langa|463435
434|E. Martínez|51600
434|M. Melluso|6431
434|P. Silva|51335
434|S. Villarreal|508413
434|P. Aguiar|576370
434|F. Di Biasi|503770
434|I. Fernández|5997
434|A. Max|5678
434|I. Miramón|291503
434|J. Pérez|362906
434|N. Schelotto|413241
434|M. Seoane|357139
434|A. Steimbach|378938
434|A. Auzmendi|59306
434|A. Colazo|293299
434|L. Janson|6161
434|Jeremias Merlo|475535
434|M. Panaro|289487
434|F. Torres|322328
434|M. Torres|6391
434|M. Zalazar|279798
435|S. Beltrán|414525
435|E. Centurión|5985
435|F. Jaroszewicz|576649
435|M. Acuña|1493
435|G. González|2610
435|F. González|455449
435|L. Martínez|6000
435|G. Montiel|2468
435|F. Ortega|6064
435|N. Otamendi|624
435|T. Palacio|414386
435|L. Rivero|463851
435|A. Susano|650883
435|T. Andrada|516771
435|M. Arambarri|47258
435|J. Asuzu|662553
435|Á. Correa|53
435|F. Vera|6725
435|T. Galván|265912
435|V. Lucero|560468
435|J. Meza|472567
435|A. Moreno|6347
435|Lucas Agustin Obregon|506487
435|L. Pereyra|642174
435|A. Ruberto|414329
435|L. Silva|657681
435|T. Almada|6067
435|L. Beltrán|6010
435|R. Borré|6011
435|S. Driussi|1222
436|F. Cambeses|6364
436|F. Gómez|363338
436|M. Tagliamonte|5624
436|J. Barinaga|126743
436|E. Cannavo|295508
436|N. Colombo|125177
436|M. Di Cesare|289466
436|G. Escudero|414424
436|B. González|515930
436|M. Martinez|606649
436|A. Espino|46759
436|M. Pérez|129901
436|M. Rojo|890
436|G. Volpe|465127
436|Santino Aguirre|668289
436|A. Fernández|169928
436|A. Forneris|472128
436|M. Kranevitter|1211
436|G. Lodico|6211
436|M. Miljevic|6719
436|D. Ortegoza|5887
436|E. Perez|645058
436|I. Rodríguez|310181
436|F. Schaare|599944
436|A. Tello|472570
436|A. Yegros|560403
436|M. Zaracho|2477
436|A. Martínez|70749
436|A. Campo|673833
436|T. Conechny|51241
436|L. Díaz|64172
436|F. Fraga|465124
436|E. Perez|673834
436|L. Pérez|408342
436|E. Torres|366420
436|D. Vergara|6528
437|J. Ledesma|6492
437|A. Werner|46812
437|G. Ávila|5962
437|M. Cabrera|599935
437|Franco Castorani|655327
437|E. Coronel|6367
437|Juan Valentín Giménez|414480
437|A. Guich|636717
437|J. Komar|6229
437|F. Mallo|43182
437|Ignacio Ovando|510091
437|Asael Oviedo|659305
437|L. Raffin|441329
437|L. Ramos|560382
437|L. Rios|621146
437|A. Sandez|278373
437|A. Soto|5911
437|E. Veron|560431
437|M. Vicente|621145
437|S. Zaracho|70694
437|B. Cantero|653230
437|F. Carnicero|463847
437|G. Fernández|5916
437|Kevin Tomas Gutiérrez|414381
437|F. Ibarra|129878
437|F. Navarro|6241
437|V. Pizarro|70463
437|A. Rodríguez|51468
437|L. Segovia|460084
437|T. Badaloni|76098
437|J. Campaz|13376
437|G. Cantizano|463848
437|F. Cervi|570
437|E. Copetti|5635
437|Á. Di María|266
437|G. Duarte|463846
437|L. Duarte|655642
437|J. Fernández|354232
437|G. Pavoni|669650
437|M. Ruben|10150
438|Á. Busso|516776
438|A. Cortez|516775
438|T. Marchiori|5343
438|F. Sanguinetti|289450
438|F. Villalba|672168
438|L. Cristaldo|515537
438|S. Escobar|606035
438|J. García|129896
438|Elías Gómez|6704
438|L. Magallán|534
438|E. Mammana|1201
438|A. Pereyra|645338
438|Ulises Piedrabuena|654191
438|Thiago Silveor|475730
438|R. Aliendro|6028
438|C. Baeza|44435
438|Luca Feler|642900
438|M. Lanzini|2473
438|L. Robertone|6065
438|D. Valdés|2561
438|T. Villalba|674777
438|T. Aguirre|650878
438|M. Arias|524416
438|D. Godoy|516770
438|R. Martínez|95314
438|M. Pellegrini|6411
438|L. Piola|665052
438|J. Policella|654052
438|S. Prima|669581
438|A. Verón|472576
440|T. Cardozo|51591
440|M. Daniele|455313
440|S. Ferez|653527
440|M. Vicentini|5161
440|Alcides Benítez|354681
440|A. Falcon|636718
440|J. Flandes|673339
440|Agustin Griguol|649459
440|Lisandro López|5966
440|A. Maldonado|6368
440|L. Morales|5822
440|Álvaro Ocampo|513437
440|F. Ricca|46820
440|A. Rosso|646937
440|A. Spörle|6371
440|L. Bonomo|671207
440|T. Cortes|673338
440|Santino Gatti|638685
440|L. Gutierrez|463825
440|R. Hernandes|646880
440|S. Longo|126740
440|M. Ortiz|653146
440|A. Sánchez|5978
440|R. Tulián|524227
440|F. Vázquez|2057
440|L. Zelarayán|35528
440|A. Bono|673337
440|N. Fernández|5952
440|F. González|6714
440|J. Nunez|560405
440|L. Passerini|11621
440|E. Rigoni|1218
440|J. Velazquez|463821
440|G. Zelarayán|463820
