equipo_id|equipo|jugador|foto_id
1595|Seattle Sounders|M. Anchor|367611
1595|Seattle Sounders|S. Frei|51099
1595|Seattle Sounders|A. Thomas|318917
1595|Seattle Sounders|C. Gaffney|541888
1595|Seattle Sounders|Y. Gómez|6108
1595|Seattle Sounders|S. Hawkins|362437
1595|Seattle Sounders|Kim Kee-Hee|51103
1595|Seattle Sounders|K. Kossa-Rienzi|415232
1595|Seattle Sounders|Antino Lopez|212237
1595|Seattle Sounders|N. Tolo|51107
1595|Seattle Sounders|Mark O'Neill|465111
1595|Seattle Sounders|J. Ragen|103292
1595|Seattle Sounders|A. Roldan|51113
1595|Seattle Sounders|R. Sailor|351577
1595|Seattle Sounders|G. Sandnes|414089
1595|Seattle Sounders|S. Brunell|362164
1595|Seattle Sounders|E. Carli|541887
1595|Seattle Sounders|C. Clark|207781
1595|Seattle Sounders|H. Dotson|51150
1595|Seattle Sounders|X. Gnaulati|313359
1595|Seattle Sounders|P. Kingston|541998
1595|Seattle Sounders|C. Roldan|51114
1595|Seattle Sounders|A. Rusnák|51212
1595|Seattle Sounders|P. Arriola|50772
1595|Seattle Sounders|M. Bronnik|461340
1595|Seattle Sounders|J. Ferreira|51142
1595|Seattle Sounders|S. Gomez|413227
1595|Seattle Sounders|R. Jauregui|266308
1595|Seattle Sounders|D. Joveljić|364
1595|Seattle Sounders|J. Morris|51118
1595|Seattle Sounders|D. Musovski|102373
1595|Seattle Sounders|P. Rothrock|103203
1595|Seattle Sounders|P. de la Vega|6200
1596|San Jose Earthquakes|N. Crockford|458453
1596|San Jose Earthquakes|E. Edwards|64163
1596|San Jose Earthquakes|A. Gunn|18933
1596|San Jose Earthquakes|Francesco Montali|102605
1596|San Jose Earthquakes|M. Floriani|508049
1596|San Jose Earthquakes|Jack Jasinski|265885
1596|San Jose Earthquakes|P. Marie|51173
1596|San Jose Earthquakes|D. Munie|408781
1596|San Jose Earthquakes|J. Ricketts|458450
1596|San Jose Earthquakes|R. Roberts|506316
1596|San Jose Earthquakes|D. Romney|51055
1596|San Jose Earthquakes|Vítor Costa|41325
1596|San Jose Earthquakes|N. Buck|310566
1596|San Jose Earthquakes|N. Fernandez|511149
1596|San Jose Earthquakes|J. Gónzalez|35547
1596|San Jose Earthquakes|I. Harkes|45103
1596|San Jose Earthquakes|Beau Leroux|461643
1596|San Jose Earthquakes|E. Löwen|25614
1596|San Jose Earthquakes|E. Mendoza|407601
1596|San Jose Earthquakes|J. Skahan|201723
1596|San Jose Earthquakes|N. Tsakiris|351591
1596|San Jose Earthquakes|R. Vieira|30459
1596|San Jose Earthquakes|N. Adimabua|542005
1596|San Jose Earthquakes|O. Bouda|243804
1596|San Jose Earthquakes|D. Johnson|129065
1596|San Jose Earthquakes|L. Jovanović|376674
1596|San Jose Earthquakes|P. Judd|312909
1596|San Jose Earthquakes|B. Kikanovic|212261
1596|San Jose Earthquakes|T. Werner|1166
1597|FC Dallas|Michael Collodi|203447
1597|FC Dallas|Daniel|10371
1597|FC Dallas|J. Sirois|262600
1597|FC Dallas|L. Abubakar|50829
1597|FC Dallas|Alvaro Augusto|541990
1597|FC Dallas|S. Ibeagha|50851
1597|FC Dallas|S. Moore|64310
1597|FC Dallas|N. Norris|362139
1597|FC Dallas|Joshua Torquato|512958
1597|FC Dallas|O. Urhoghide|191970
1597|FC Dallas|R. Binyamin|377062
1597|FC Dallas|C. Cappis|15773
1597|FC Dallas|P. Delgado|198343
1597|FC Dallas|C. Holstad|413229
1597|FC Dallas|H. Johansson|161504
1597|FC Dallas|Kaick|457506
1597|FC Dallas|Ramiro|10249
1597|FC Dallas|Caleb Swann|505154
1597|FC Dallas|J. Valiente|270974
1597|FC Dallas|L. Farrington|455011
1597|FC Dallas|D. Job|460255
1597|FC Dallas|A. Julio|16476
1597|FC Dallas|B. Kamungo|312291
1597|FC Dallas|Ricky Louis|636803
1597|FC Dallas|S. Moreno|115532
1597|FC Dallas|P. Musa|66055
1597|FC Dallas|Samuel Sarver|509720
1597|FC Dallas|Nicholas Simmonds|636804
1598|Orlando City SC|M. Crépeau|51274
1598|Orlando City SC|T. Himes|542291
1598|Orlando City SC|Javier Otero|216510
1598|Orlando City SC|D. Brekalo|109887
1598|Orlando City SC|G. Dorsey|50824
1598|Orlando City SC|A. Gomez|647152
1598|Orlando City SC|Iago|366780
1598|Orlando City SC|R. Jansson|50924
1598|Orlando City SC|N. Miller|641988
1598|Orlando City SC|Z. Taifi|382291
1598|Orlando City SC|Vinícius Nogueira|404175
1598|Orlando City SC|E. Atuesta|51033
1598|Orlando City SC|W. Cartagena|2427
1598|Orlando City SC|Joran Gerbet|276556
1598|Orlando City SC|I. Gómez|471739
1598|Orlando City SC|I. Haruna|644632
1598|Orlando City SC|J. Hylton|542226
1598|Orlando City SC|Luis Otávio|463959
1598|Orlando City SC|B. Ojeda|70767
1598|Orlando City SC|M. Ojeda|5919
1598|Orlando City SC|Bernardo Rhein Goncalves|472515
1598|Orlando City SC|I. Angulo|80998
1598|Orlando City SC|Gustavo Caraballo Delgado|464780
1598|Orlando City SC|D. Dike|201709
1598|Orlando City SC|Justin Ellis|461514
1598|Orlando City SC|A. Griezmann|56
1598|Orlando City SC|Marco Pasalic|260865
1598|Orlando City SC|Harvey Sarajian|642596
1598|Orlando City SC|T. Spicer|459717
1598|Orlando City SC|Tiago|407262
1599|Philadelphia Union|A. Blake|50725
1599|Philadelphia Union|G. Marks|351567
1599|Philadelphia Union|A. Rick|364116
1599|Philadelphia Union|J. Griffin|477314
1599|Philadelphia Union|N. Harriel|102524
1599|Philadelphia Union|G. Martínez|474752
1599|Philadelphia Union|O. Mbaïzo|50734
1599|Philadelphia Union|P. Ndinga Ossibadjouo|406867
1599|Philadelphia Union|Neil Pierre|428007
1599|Philadelphia Union|J. Sery Larsen|64339
1599|Philadelphia Union|F. Sundstrom|540925
1599|Philadelphia Union|R. Uzcátegui|312168
1599|Philadelphia Union|K. Wagner|50738
1599|Philadelphia Union|F. Westfield|362085
1599|Philadelphia Union|A. Bedoya|50740
1599|Philadelphia Union|B. Bender|351568
1599|Philadelphia Union|J. Bueno|52709
1599|Philadelphia Union|D. Jean-Jacques|338367
1599|Philadelphia Union|K. LeBlanc|542032
1599|Philadelphia Union|J. Lukić|263510
1599|Philadelphia Union|J. Rafanello|71743
1599|Philadelphia Union|Cavan  Sullivan|462853
1599|Philadelphia Union|Q. Sullivan|265882
1599|Philadelphia Union|E. Alladoh|508068
1599|Philadelphia Union|A. Anello|301465
1599|Philadelphia Union|B. Damiani|321839
1599|Philadelphia Union|M. Iloski|199406
1599|Philadelphia Union|M. Jakupovic|542233
1599|Philadelphia Union|I. Vassilev|153506
1600|Houston Dynamo|J. Bond|19142
1600|Houston Dynamo|Logan Erb|642914
1600|Houston Dynamo|B. Gillingham|510871
1600|Houston Dynamo|J. Maurer|51121
1600|Houston Dynamo|Antônio Carlos|9908
1600|Houston Dynamo|Felipe Andrade|306581
1600|Houston Dynamo|Lucas Halter|10120
1600|Houston Dynamo|Reese Miller|642437
1600|Houston Dynamo|F. Negri|5385
1600|Houston Dynamo|A. Resch|637811
1600|Houston Dynamo|M. Saracchi|1160
1600|Houston Dynamo|Vinicius Silva|644378
1600|Houston Dynamo|M. Arana|542292
1600|Houston Dynamo|Artur|50836
1600|Houston Dynamo|M. Bogusz|19125
1600|Houston Dynamo|A. Bouzat|6053
1600|Houston Dynamo|Gustavo Dohmann|415079
1600|Houston Dynamo|H. Herrera|382
1600|Houston Dynamo|D. Holmes|19214
1600|Houston Dynamo|G. Rivera|644877
1600|Houston Dynamo|D. Samassékou|1094
1600|Houston Dynamo|A. Ibrahim|214270
1600|Houston Dynamo|L. Ennali|203075
1600|Houston Dynamo|L. Foster|98936
1600|Houston Dynamo|Guilherme|9588
1600|Houston Dynamo|N. Markanich|351573
1600|Houston Dynamo|D. McGuire|407016
1601|Toronto FC|A. De Rosario|362782
1601|Toronto FC|L. Gavran|351582
1601|Toronto FC|W. Yarbrough|35475
1601|Toronto FC|M. Chisholm|428946
1601|Toronto FC|R. Chukwu|542183
1601|Toronto FC|R. Edwards|50906
1601|Toronto FC|R. Fisher|465114
1601|Toronto FC|K. Franklin|237109
1601|Toronto FC|N. Gomis|342659
1601|Toronto FC|S. Kapor|541971
1601|Toronto FC|B. Kuscevic|11365
1601|Toronto FC|R. Laryea|50816
1601|Toronto FC|Matheus Pereira|195091
1601|Toronto FC|Z. Monlouis|284557
1601|Toronto FC|L. Stefanovic|365962
1601|Toronto FC|W. Zimmerman|51032
1601|Toronto FC|F. Bank|641001
1601|Toronto FC|A. Bossenberry|541970
1601|Toronto FC|M. Cimermancic|365964
1601|Toronto FC|Alonso Coello|362774
1601|Toronto FC|N. Dorsch|24904
1601|Toronto FC|J. Gilman|641995
1601|Toronto FC|Malik Henry|512956
1601|Toronto FC|D. Mihailović|50913
1601|Toronto FC|L. Morgan|19909
1601|Toronto FC|J. Osorio|50817
1601|Toronto FC|N. Palacio|197557
1601|Toronto FC|Emilio Aristizábal Chavarriaga|428991
1601|Toronto FC|D. Barrow|414078
1601|Toronto FC|T. Corbeanu|280688
1601|Toronto FC|D. Etienne|50958
1601|Toronto FC|J. Nolan|542157
1601|Toronto FC|A. Piedrahita|287860
1601|Toronto FC|D. Sallói|51272
1601|Toronto FC|J. Sargent|25332
1601|Toronto FC|J. Vilsaint|322861
1602|New York Red Bulls|E. Horvath|62
1602|New York Red Bulls|J. McCarthy|71006
1602|New York Red Bulls|J. Bazán|407909
1602|New York Red Bulls|J. Che|266599
1602|New York Red Bulls|M. Dos Santos|472849
1602|New York Red Bulls|J. Marshall-Rutty|201707
1602|New York Red Bulls|J. Mina|362888
1602|New York Red Bulls|D. Nealis|201716
1602|New York Red Bulls|D. Padelford|359418
1602|New York Red Bulls|T. Parker|50954
1602|New York Red Bulls|O. Valencia|371081
1602|New York Red Bulls|R. Voloder|178793
1602|New York Red Bulls|N. Benedetti|356940
1602|New York Red Bulls|R. Donkor|418310
1602|New York Red Bulls|S. Kone|644827
1602|New York Red Bulls|A. Mehmeti|461645
1602|New York Red Bulls|D. Ruíz|325063
1602|New York Red Bulls|N. Worth|370868
1602|New York Red Bulls|E. Choupo-Moting|275
1602|New York Red Bulls|C. Cowell|51186
1602|New York Red Bulls|E. Forsberg|1152
1602|New York Red Bulls|J. Hall|418618
1602|New York Red Bulls|C. Harper|138409
1602|New York Red Bulls|M. Jimenez|535939
1602|New York Red Bulls|R. Mosquera|313773
1602|New York Red Bulls|D. Nelich|542038
1602|New York Red Bulls|A. Rojas|385727
1602|New York Red Bulls|T. Rosborough|416905
1602|New York Red Bulls|J. Ruvalcaba|341970
1602|New York Red Bulls|M. Sofo|422252
1603|Vancouver Whitecaps|I. Boehmer|276531
1603|Vancouver Whitecaps|Y. Takaoka|33385
1603|Vancouver Whitecaps|A. Zendejas|51248
1603|Vancouver Whitecaps|S. Adekugbe|39107
1603|Vancouver Whitecaps|T. Blackmon|51027
1603|Vancouver Whitecaps|Bruno Steven Caicedo Quiñonez|426630
1603|Vancouver Whitecaps|N. Djordjevic|515777
1603|Vancouver Whitecaps|M. Gherasimencov|374157
1603|Vancouver Whitecaps|T. Johnson|363155
1603|Vancouver Whitecaps|M. Laborda|51569
1603|Vancouver Whitecaps|É. Ocampo|369284
1603|Vancouver Whitecaps|R. Veselinović|45938
1603|Vancouver Whitecaps|Trevor Wright|644395
1603|Vancouver Whitecaps|J. Badwal|407583
1603|Vancouver Whitecaps|K. Cabrera|288295
1603|Vancouver Whitecaps|A. Cubas|6236
1603|Vancouver Whitecaps|A. Cvetković|388754
1603|Vancouver Whitecaps|R. Gauld|44844
1603|Vancouver Whitecaps|O. Larraz|203206
1603|Vancouver Whitecaps|Rui Modesto|142442
1603|Vancouver Whitecaps|R. Priso|203436
1603|Vancouver Whitecaps|S. Ramíirez|465668
1603|Vancouver Whitecaps|V. Sedin|664151
1603|Vancouver Whitecaps|Y. Diaby|174783
1603|Vancouver Whitecaps|R. Elloumi|566059
1603|Vancouver Whitecaps|M. Garnette|610408
1603|Vancouver Whitecaps|D. Ittycheria|610407
1603|Vancouver Whitecaps|T. Müller|522
1603|Vancouver Whitecaps|K. Poku|338019
1603|Vancouver Whitecaps|C. Sabaly|20534
1603|Vancouver Whitecaps|E. Sabbi|15783
1603|Vancouver Whitecaps|Johnny Selemani|467158
1603|Vancouver Whitecaps|B. White|50969
1604|New York City FC|M. Freese|50728
1604|New York City FC|G. Ranjitsingh|50920
1604|New York City FC|T. Romero|102645
1604|New York City FC|K. Acito|641981
1604|New York City FC|Nico Cavallo|510971
1604|New York City FC|T. Gray|201717
1604|New York City FC|João Loiola|463986
1604|New York City FC|M. Miazga|19607
1604|New York City FC|Maxwell Murray|511148
1604|New York City FC|K. O&apos;Toole|103167
1604|New York City FC|Raul Gustavo|14390
1604|New York City FC|Thiago Martins|33011
1604|New York City FC|M. Carrizo|375762
1604|New York City FC|C. Flax|641982
1604|New York City FC|M. Ilenič|315187
1604|New York City FC|N. Fernández Mercau|75414
1604|New York City FC|P. Molinari|460350
1604|New York City FC|M. Moralez|50859
1604|New York City FC|A. O&apos;Neill|7050
1604|New York City FC|K. Parks|50854
1604|New York City FC|A. Perea|13300
1604|New York City FC|K. Pierre|646437
1604|New York City FC|J. Sands|50863
1604|New York City FC|J. Shore|379134
1604|New York City FC|K. Trewin|153622
1604|New York City FC|A. Farnos|641983
1604|New York City FC|M. Jones|455906
1604|New York City FC|Luighi Hanri|449244
1604|New York City FC|A. Martínez|79678
1604|New York City FC|A. Ojeda|359532
1604|New York City FC|E. Samb|655675
1604|New York City FC|Talles Magno|70299
1604|New York City FC|B. Traoré|304161
1604|New York City FC|H. Wolf|1103
1605|Los Angeles Galaxy|S. Conlon|644879
1605|Los Angeles Galaxy|J. Marcinkowski|51166
1605|Los Angeles Galaxy|N. Mićović|45794
1605|Los Angeles Galaxy|B. Scott|24787
1605|Los Angeles Galaxy|J. Aude|196739
1605|Los Angeles Galaxy|C. Garcés|325807
1605|Los Angeles Galaxy|J. Glesnes|39327
1605|Los Angeles Galaxy|J. Haak|50857
1605|Los Angeles Galaxy|Sebastián Hernández|265739
1605|Los Angeles Galaxy|Calegari|133194
1605|Los Angeles Galaxy|Harbor Miller|460356
1605|Los Angeles Galaxy|J. Nelson|51126
1605|Los Angeles Galaxy|Pepe|541877
1605|Los Angeles Galaxy|C. Rindov|407239
1605|Los Angeles Galaxy|M. Yoshida|18944
1605|Los Angeles Galaxy|T. Elgersma|641994
1605|Los Angeles Galaxy|V. Garcia|506557
1605|Los Angeles Galaxy|Tucker Lepley|102702
1605|Los Angeles Galaxy|I. Parente|308690
1605|Los Angeles Galaxy|B. Phan|542504
1605|Los Angeles Galaxy|M. Reus|25
1605|Los Angeles Galaxy|Sergi Roberto|137
1605|Los Angeles Galaxy|P. Ruiz|51211
1605|Los Angeles Galaxy|L. Sanabria|456688
1605|Los Angeles Galaxy|E. Thommy|26311
1605|Los Angeles Galaxy|Dylan Vanney|477311
1605|Los Angeles Galaxy|M. Vanney|542351
1605|Los Angeles Galaxy|E. Wynder|102689
1605|Los Angeles Galaxy|K. Furuhashi|33253
1605|Los Angeles Galaxy|João Klauss|7539
1605|Los Angeles Galaxy|H. Lozano|248
1605|Los Angeles Galaxy|J. Paintsil|1944
1605|Los Angeles Galaxy|J. Placias|413208
1605|Los Angeles Galaxy|R. Taylor|39364
1606|Real Salt Lake|M. Kerkvliet|510678
1606|Real Salt Lake|Rafael Cabral|30443
1606|Real Salt Lake|M. Stajduhar|102674
1606|Real Salt Lake|J. Arias|357339
1606|Real Salt Lake|L. De Fougerolles|327738
1606|Real Salt Lake|L. Engel|16015
1606|Real Salt Lake|J. Glad|51195
1606|Real Salt Lake|K. Henry|265865
1606|Real Salt Lake|S. Junqua|51090
1606|Real Salt Lake|A. Katránis|26649
1606|Real Salt Lake|R. Mesalles|542027
1606|Real Salt Lake|P. Quinton|351575
1606|Real Salt Lake|L. Ream|649219
1606|Real Salt Lake|D. Yedlin|18897
1606|Real Salt Lake|O. Anderson|413043
1606|Real Salt Lake|N. Caliskan|260946
1606|Real Salt Lake|G. Dillon|313661
1606|Real Salt Lake|E. Eneli|413169
1606|Real Salt Lake|Colin Guske|461515
1606|Real Salt Lake|A. Hezarkhani|467946
1606|Real Salt Lake|D. Luna|312896
1606|Real Salt Lake|L. Moisa|412228
1606|Real Salt Lake|A. Riquelme|542028
1606|Real Salt Lake|J. Sanabria|162891
1606|Real Salt Lake|S. Spierings|36868
1606|Real Salt Lake|T. Booth|162157
1606|Real Salt Lake|Chadwick Zachary Booth|284397
1606|Real Salt Lake|M. Guilavogui|23643
1606|Real Salt Lake|Lineker Rodrigues|518114
1606|Real Salt Lake|S. Lobzhanidze|15698
1606|Real Salt Lake|D. Marczuk|271983
1606|Real Salt Lake|Omar Marquez|461424
1606|Real Salt Lake|Jason Shokalook|460352
1606|Real Salt Lake|S. Solans|610405
1606|Real Salt Lake|D. Zagar|534358
1607|Chicago Fire|C. Brady|266606
1607|Chicago Fire|J. Cohen|71239
1607|Chicago Fire|J. Gal|125188
1607|Chicago Fire|N. Allen|282407
1607|Chicago Fire|Leonardo Barroso|345386
1607|Chicago Fire|J. Dean|207047
1607|Chicago Fire|J. Elliott|50732
1607|Chicago Fire|A. Gutman|102397
1607|Chicago Fire|A. Hanche-Olsen|39279
1607|Chicago Fire|M. Mbokazi|510799
1607|Chicago Fire|M. Pineda|201710
1607|Chicago Fire|O. Pineda|541965
1607|Chicago Fire|S. Rogers|102510
1607|Chicago Fire|J. Sandmeyer|643738
1607|Chicago Fire|T. D&apos;Avilla|355405
1607|Chicago Fire|M. Haile-Selassie|48770
1607|Chicago Fire|A. Salétros|48150
1607|Chicago Fire|R. Lod|46891
1607|Chicago Fire|A. Mekvabishvili|179935
1607|Chicago Fire|S. Oregel|357231
1607|Chicago Fire|D. Poręba|345106
1607|Chicago Fire|R. Turdean|507608
1607|Chicago Fire|W. Brody|542368
1607|Chicago Fire|Samuel Williams|319323
1607|Chicago Fire|J. Bamba|22235
1607|Chicago Fire|D. Boltz|541964
1607|Chicago Fire|P. Dithejane|425699
1607|Chicago Fire|J. Gómez|161584
1607|Chicago Fire|R. Lewandowski|521
1607|Chicago Fire|P. Zinckernagel|39080
1608|Atlanta United FC|Jayden Hibbert|455599
1608|Atlanta United FC|L. Hoyos|6046
1608|Atlanta United FC|J. Alonso|2499
1608|Atlanta United FC|E. Báez|414528
1608|Atlanta United FC|P. Díaz|2550
1608|Atlanta United FC|Matthew Edwards|265734
1608|Atlanta United FC|T. Jacob|342727
1608|Atlanta United FC|T. B. Majub|542245
1608|Atlanta United FC|E. Mihaj|26772
1608|Atlanta United FC|S. Alzate|17715
1608|Atlanta United FC|M. Amaro|406527
1608|Atlanta United FC|L. Brennan|341239
1608|Atlanta United FC|E. Dovlo|644849
1608|Atlanta United FC|A. Fortune|265735
1608|Atlanta United FC|Adrian Gill|640018
1608|Atlanta United FC|G. Galoppo|6379
1608|Atlanta United FC|A. Miranchuk|484
1608|Atlanta United FC|T. Muyumba|87301
1608|Atlanta United FC|William Reilly|119008
1608|Atlanta United FC|C. Sanchez|414128
1608|Atlanta United FC|I. Suarez|542301
1608|Atlanta United FC|M. Almirón|2507
1608|Atlanta United FC|B. Embolo|421
1608|Atlanta United FC|A. Jardines|644887
1608|Atlanta United FC|A. Kovac|542152
1608|Atlanta United FC|F. Picault|50749
1608|Atlanta United FC|Sergio Santos|50751
1608|Atlanta United FC|C. Togashi|33894
1609|New England Revolution|JD Gunn|458846
1609|New England Revolution|D. Parisian|505542
1609|New England Revolution|M. Turner|50999
1609|New England Revolution|C. Baker|313381
1609|New England Revolution|T. Beason|201722
1609|New England Revolution|Gabriel Dahlin|513294
1609|New England Revolution|A. Farrell|51003
1609|New England Revolution|I. Feingold|338794
1609|New England Revolution|M. Fofana|3341
1609|New England Revolution|E. Kohler|362414
1609|New England Revolution|D. McIntosh|412510
1609|New England Revolution|P. Miller|413230
1609|New England Revolution|W. Sands|352519
1609|New England Revolution|T. Smith|461412
1609|New England Revolution|J. Wynder|312164
1609|New England Revolution|D. Gazdag|28423
1609|New England Revolution|Carles Gil|51012
1609|New England Revolution|J. Mussenden|541903
1609|New England Revolution|C. Oliveira|425142
1609|New England Revolution|M. Polster|1757
1609|New England Revolution|B. Raines|340369
1609|New England Revolution|J. Siqueira|542117
1609|New England Revolution|M. Wells|542337
1609|New England Revolution|J. Yueill|51185
1609|New England Revolution|A. Yusuf|47998
1609|New England Revolution|C. Zarzalejo|649223
1609|New England Revolution|JD Gunn|458846
1609|New England Revolution|D. Fagundez|51010
1609|New England Revolution|W. Harris|64326
1609|New England Revolution|J. Harrison|19128
1609|New England Revolution|L. Langoni|363393
1609|New England Revolution|S. Sasaki|462355
1609|New England Revolution|D. Turgeman|269532
1609|New England Revolution|G. Yow|50774
1609|New England Revolution|Marcos Zambrano-Delgado|383792
1610|Colorado Rapids|A. Beaudry|362448
1610|Colorado Rapids|Zackory Campagnolo|423562
1610|Colorado Rapids|B. Dowd|458447
1610|Colorado Rapids|N. Defreitas|153426
1610|Colorado Rapids|Z. Steffen|50828
1610|Colorado Rapids|R. Cannon|51123
1610|Colorado Rapids|N. Cobb|315557
1610|Colorado Rapids|R. Holding|1440
1610|Colorado Rapids|M. Navarro|52673
1610|Colorado Rapids|V. Rinaldi|542221
1610|Colorado Rapids|K. Rosenberry|51305
1610|Colorado Rapids|K. Thompson|315360
1610|Colorado Rapids|J. Travis|362176
1610|Colorado Rapids|Loïc Williams|323816
1610|Colorado Rapids|P. Aaronson|265884
1610|Colorado Rapids|J. Atencio|73863
1610|Colorado Rapids|J. De La Fuente|664405
1610|Colorado Rapids|A. Fadal|406266
1610|Colorado Rapids|W. Frederick II|458378
1610|Colorado Rapids|Y. Maziz|23975
1610|Colorado Rapids|H. Ojediran|237232
1610|Colorado Rapids|N. Tchoumba|644844
1610|Colorado Rapids|S. Farhi|395777
1610|Colorado Rapids|M. Diop|542059
1610|Colorado Rapids|A. Harris|510679
1610|Colorado Rapids|G. Minoungou|362441
1610|Colorado Rapids|D. Phillip|610415
1610|Colorado Rapids|I. Sadiq|15920
1610|Colorado Rapids|K. Stewart-Baynes|453232
1610|Colorado Rapids|M. Whittaker|129709
1610|Colorado Rapids|D. Yapi|267865
1611|Sporting Kansas City|S. Cleveland|50896
1611|Sporting Kansas City|J. Kortkamp|468690
1611|Sporting Kansas City|J. Pulskamp|102682
1611|Sporting Kansas City|J. Bartlett|416220
1611|Sporting Kansas City|Z. Bassong|8660
1611|Sporting Kansas City|O. Blorian|136139
1611|Sporting Kansas City|J. Davis|102466
1611|Sporting Kansas City|Diego Borges|455254
1611|Sporting Kansas City|I. James|461633
1611|Sporting Kansas City|E. Karić|7683
1611|Sporting Kansas City|P. Lurot|514006
1611|Sporting Kansas City|Wyatt Meyer|510972
1611|Sporting Kansas City|Jansen Miller|156034
1611|Sporting Kansas City|M. Mosquera|279201
1611|Sporting Kansas City|J. Reid|402685
1611|Sporting Kansas City|J. Reynolds|362053
1611|Sporting Kansas City|K. Agyabeng|641980
1611|Sporting Kansas City|L. Johnsen|39141
1611|Sporting Kansas City|R. Ramos|413207
1611|Sporting Kansas City|O. Wolff|267866
1611|Sporting Kansas City|S. Afrifa|418468
1611|Sporting Kansas City|André Luiz|325717
1611|Sporting Kansas City|T. Calheira|461646
1611|Sporting Kansas City|Capita|180748
1611|Sporting Kansas City|C. Harris|94341
1611|Sporting Kansas City|S. Reid|509813
1611|Sporting Kansas City|M. Suleymanov|2095
1612|Minnesota United FC|D. Callender|201715
1612|Minnesota United FC|Kayne Rizvanovich|461657
1612|Minnesota United FC|A. Smir|71765
1612|Minnesota United FC|M. Boxall|51149
1612|Minnesota United FC|K. Chandler|511385
1612|Minnesota United FC|J. Díaz|79258
1612|Minnesota United FC|M. Duggan|324506
1612|Minnesota United FC|K. Duncan|50949
1612|Minnesota United FC|C. Harvey|71230
1612|Minnesota United FC|A. Markanich|351496
1612|Minnesota United FC|N. Romero|302926
1612|Minnesota United FC|D. Taylor|70944
1612|Minnesota United FC|Cherrion Valerius|453918
1612|Minnesota United FC|O. Gene|289630
1612|Minnesota United FC|J. Gressel|50883
1612|Minnesota United FC|A. Jackson|312998
1612|Minnesota United FC|J. Pereyra|6517
1612|Minnesota United FC|P. Stroud|231064
1612|Minnesota United FC|W. Trapp|50842
1612|Minnesota United FC|N. Triantis|216812
1612|Minnesota United FC|Marcus Caldeira|640016
1612|Minnesota United FC|T. Chancalay|6659
1612|Minnesota United FC|M.Dieng|460859
1612|Minnesota United FC|M. Gonzalez|395530
1612|Minnesota United FC|B. Hlongwane|46641
1612|Minnesota United FC|M. Malone|25306
1612|Minnesota United FC|K. Yeboah|7106
1613|Columbus Crew|E. Bush|50776
1613|Columbus Crew|N. Hagen|64566
1613|Columbus Crew|Luke Pruter|125160
1613|Columbus Crew|P. Schulte|102685
1613|Columbus Crew|M. Amundsen|15659
1613|Columbus Crew|E. Bailly|885
1613|Columbus Crew|Tristan Brown|438783
1613|Columbus Crew|R. Camacho|50781
1613|Columbus Crew|M. Herrera|6602
1613|Columbus Crew|S. Moreira|22139
1613|Columbus Crew|Cesar Ruvalcaba|512738
1613|Columbus Crew|S. Bangoura|357284
1613|Columbus Crew|D. Chambost|84101
1613|Columbus Crew|J. Chirinos|644868
1613|Columbus Crew|M. Farsi|78564
1613|Columbus Crew|André Gomes|18765
1613|Columbus Crew|T. Habroune|407425
1613|Columbus Crew|T. Karumanchi|662357
1613|Columbus Crew|B. Lennon|51218
1613|Columbus Crew|Brais Méndez|47440
1613|Columbus Crew|C. Mrowka|380746
1613|Columbus Crew|S. Rodríguez|51581
1613|Columbus Crew|A. Sejdić|50793
1613|Columbus Crew|A. Zaroury|129169
1613|Columbus Crew|S. Zawadzki|357230
1613|Columbus Crew|W. Abou Ali|15731
1613|Columbus Crew|Chase Adams|461644
1613|Columbus Crew|K. Gbamble|542276
1613|Columbus Crew|L. Giaccone|296671
1613|Columbus Crew|Josef Martínez|2460
1613|Columbus Crew|G. Tapia|201909
1613|Columbus Crew|J. Thiaré|20705
1614|CF Montreal|S. Breza|56807
1614|CF Montreal|E. Gazdov|363773
1614|CF Montreal|T. Gillier|311291
1614|CF Montreal|S. Keita|607096
1614|CF Montreal|D. Bugaj|350103
1614|CF Montreal|B. Ceballos|59545
1614|CF Montreal|B. Craig|265880
1614|CF Montreal|E. Morales|265895
1614|CF Montreal|J. Neal|208667
1614|CF Montreal|L. Petrasso|102856
1614|CF Montreal|V. Radojević|340729
1614|CF Montreal|B. Vera|79167
1614|CF Montreal|F. Amaya|50985
1614|CF Montreal|W. Carmona|310971
1614|CF Montreal|O. Escobar|407535
1614|CF Montreal|M. Longstaff|130419
1614|CF Montreal|I. Losenko|336619
1614|CF Montreal|V. Loturi|78589
1614|CF Montreal|D. Pereira|310975
1614|CF Montreal|S. Piette|50792
1614|CF Montreal|F. Herbers|50909
1614|CF Montreal|P. Owusu|26140
1614|CF Montreal|D. Ríos|92590
1614|CF Montreal|A. Sánchez|910
1614|CF Montreal|D. Sealy|203395
1614|CF Montreal|N. Streit|419775
1614|CF Montreal|H. Synchuk|401267
1615|DC United|A. Bono|50800
1615|DC United|S. Johnson|50848
1615|DC United|Grant Leveille|586605
1615|DC United|L. Bartlett|351583
1615|DC United|S. Hefti|48475
1615|DC United|A. Herrera|51197
1615|DC United|K. Kurokawa|33297
1615|DC United|Nikola Markovic|641592
1615|DC United|S. Nealis|50953
1615|DC United|K. Nono|455185
1615|DC United|K. Rowles|7038
1615|DC United|K. Castillo|671577
1615|DC United|A. Dozzell|19734
1615|DC United|J. Hopkins|323776
1615|DC United|Hosei Kijima|458219
1615|DC United|M. Peltola|83527
1615|DC United|B. Servania|51138
1615|DC United|Gavin Turner|359947
1615|DC United|O. Avilez|639849
1615|DC United|T. Baribo|111287
1615|DC United|L. Munteanu|43096
1615|DC United|N. Ordaz|366531
1615|DC United|Peglow|195090
1615|DC United|J. Stroud|102449
1616|Los Angeles FC|Cabral Carter|360621
1616|Los Angeles FC|T. Hasal|199404
1616|Los Angeles FC|H. Lloris|159
1616|Los Angeles FC|Y. Cheberko|63439
1616|Los Angeles FC|C. Diaz|407426
1616|Los Angeles FC|R. Hollingshead|51134
1616|Los Angeles FC|A. Long|50952
1616|Los Angeles FC|Kenny Nielsen|474474
1616|Los Angeles FC|N. Tafari|201788
1616|Los Angeles FC|Sergi Palencia|1261
1616|Los Angeles FC|R. Porteous|44836
1616|Los Angeles FC|E. Segura|51031
1616|Los Angeles FC|M. Choinière|50788
1616|Los Angeles FC|M. Delgado|50814
1616|Los Angeles FC|D. Guerra|541996
1616|Los Angeles FC|Igor Jesus|322067
1616|Los Angeles FC|Jude Terry|461627
1616|Los Angeles FC|T. Tillman|25617
1616|Los Angeles FC|S. Vasquez|354732
1616|Los Angeles FC|L. Walta|173539
1616|Los Angeles FC|Marius Aiyenero|471025
1616|Los Angeles FC|D. Bouanga|21437
1616|Los Angeles FC|T. Boyd|50157
1616|Los Angeles FC|J. Ebobisse|51242
1616|Los Angeles FC|C. Kosakoff|610429
1616|Los Angeles FC|Tommy Mihalic|202927
1616|Los Angeles FC|Sebastian Nava|265736
1616|Los Angeles FC|R. Raposo|78451
1616|Los Angeles FC|J. Shaffelburg|50826
1616|Los Angeles FC|A. Sieb|280339
1616|Los Angeles FC|Son Heung-Min|186
1616|Los Angeles FC|Thayllon|508272
1617|Portland Timbers|T. Muse|70136
1617|Portland Timbers|J. Pantemis|50778
1617|Portland Timbers|H. Sulte|71079
1617|Portland Timbers|A. Bonetig|366779
1617|Portland Timbers|B. Bye|51001
1617|Portland Timbers|R. Hernández|2442
1617|Portland Timbers|S. Jura|383793
1617|Portland Timbers|Z. McGraw|201729
1617|Portland Timbers|E. Miller|51154
1617|Portland Timbers|K. Miller|50925
1617|Portland Timbers|J. Mosquera|197913
1617|Portland Timbers|Ian Smith|510681
1617|Portland Timbers|F. Surman|210165
1617|Portland Timbers|J. Waterman|78494
1617|Portland Timbers|C. Bassett|51312
1617|Portland Timbers|J. Caicedo|123435
1617|Portland Timbers|D. Chará|51233
1617|Portland Timbers|David Pereira da Costa|174607
1617|Portland Timbers|J. Fory|195718
1617|Portland Timbers|Eric Izoita|474475
1617|Portland Timbers|J. Ortiz|16628
1617|Portland Timbers|Antony|159589
1617|Portland Timbers|A. Aravena|201908
1617|Portland Timbers|O. Fernandez|50959
1617|Portland Timbers|Andrew Guerra|513030
1617|Portland Timbers|V. Janssen|183
1617|Portland Timbers|A. Lassiter|2847
1617|Portland Timbers|K. Velde|39244
2242|FC Cincinnati|R. Celentano|351571
2242|FC Cincinnati|E. Louro|50944
2242|FC Cincinnati|Fabian Mrozek|287111
2242|FC Cincinnati|A. Chirila|542095
2242|FC Cincinnati|T. Hadebe|3063
2242|FC Cincinnati|N. Hagglund|50977
2242|FC Cincinnati|A. Lajhar|636140
2242|FC Cincinnati|J. Malatini|289460
2242|FC Cincinnati|A. Powell|50981
2242|FC Cincinnati|M. Robinson|50879
2242|FC Cincinnati|Felix Samson|642609
2242|FC Cincinnati|K. Smith|50928
2242|FC Cincinnati|B. Anunga|71039
2242|FC Cincinnati|P. Bucha|66249
2242|FC Cincinnati|D. Douděra|66214
2242|FC Cincinnati|Evander|15798
2242|FC Cincinnati|S. Gidi|374115
2242|FC Cincinnati|S. Jimenez|398923
2242|FC Cincinnati|O. Nwobodo|28398
2242|FC Cincinnati|G. Valenzuela|362155
2242|FC Cincinnati|T. Barlow|64168
2242|FC Cincinnati|Stefan Chirila|461635
2242|FC Cincinnati|K. Denkey|21036
2242|FC Cincinnati|E. Echenique|288468
2242|FC Cincinnati|K. Fletcher|367613
2242|FC Cincinnati|A. Jabbari|200833
2242|FC Cincinnati|K. Mboma Dem|467157
2242|FC Cincinnati|Bryan Josías Ramírez León|356456
9568|Inter Miami|L. Barraza|50847
9568|Inter Miami|R. Ríos Novo|196737
9568|Inter Miami|D. St. Clair|51148
9568|Inter Miami|Ezequiel Abadia-Reda|513293
9568|Inter Miami|M. Falcón|67896
9568|Inter Miami|I. Fray|216493
9568|Inter Miami|G. Luján|306705
9568|Inter Miami|Micael|305799
9568|Inter Miami|F. Mura|6401
9568|Inter Miami|Reguilón|739
9568|Inter Miami|D. Sumalla|542212
9568|Inter Miami|D. Ayala|129886
9568|Inter Miami|Y. Bright|455386
9568|Inter Miami|F. Caicedo|663850
9568|Inter Miami|Casemiro|747
9568|Inter Miami|M. Galarza|305832
9568|Inter Miami|S. Morales|422792
9568|Inter Miami|P. Plambeck|542116
9568|Inter Miami|T. Segovia|144303
9568|Inter Miami|A. Shaw|542272
9568|Inter Miami|Ian Urkidi|462868
9568|Inter Miami|R. De Paul|2472
9568|Inter Miami|T. Allende|304383
9568|Inter Miami|G. Berterame|6485
9568|Inter Miami|L. Delinois|410345
9568|Inter Miami|Ramon Riquelme|516815
9568|Inter Miami|L. Messi|154
9568|Inter Miami|Daniel Pinter|462860
9568|Inter Miami|D. Rey|514004
9568|Inter Miami|Mateo Silvetti|475582
9568|Inter Miami|L. Suárez|157
9569|Nashville SC|B. Schwake|266733
9569|Nashville SC|X. Valdez|357334
9569|Nashville SC|J. Willis|51075
9569|Nashville SC|R. Baker-Whiting|265762
9569|Nashville SC|J. Bauer|271602
9569|Nashville SC|J. Gaines|71284
9569|Nashville SC|J. Knight|362062
9569|Nashville SC|D. Lovitz|50790
9569|Nashville SC|J. Maher|102968
9569|Nashville SC|A. Najar|1415
9569|Nashville SC|J. Palacios|13134
9569|Nashville SC|Owen Presthus|425838
9569|Nashville SC|T. Williams|216520
9569|Nashville SC|M. Woledzi|128762
9569|Nashville SC|B. Acosta|51129
9569|Nashville SC|F. Camara|520555
9569|Nashville SC|M. Corcoran|312290
9569|Nashville SC|H. Mukhtar|15885
9569|Nashville SC|E. Tagseth|131494
9569|Nashville SC|P. Yazbek|269539
9569|Nashville SC|C. Espinoza|51177
9569|Nashville SC|W. Madrigal|270498
9569|Nashville SC|S. Mohammed|405868
9569|Nashville SC|A. Muyl|50963
9569|Nashville SC|A. Qasem|229112
9569|Nashville SC|E. Saad|323974
9569|Nashville SC|S. Surridge|18884
9569|Nashville SC|Z. Yañez|452826
16489|Austin|C. Farrar|542448
16489|Austin|D. Las|237288
16489|Austin|E. Lauta|542393
16489|Austin|B. Stuver|50849
16489|Austin|Chris Applewhite|461516
16489|Austin|J. Bell|194847
16489|Austin|M. Desler|39229
16489|Austin|M. Đorđević|323378
16489|Austin|Guilherme Biro|197449
16489|Austin|B. Hines-Ike|8527
16489|Austin|Ž. Kolmanič|105632
16489|Austin|J. Rosales|57748
16489|Austin|O. Svatok|14333
16489|Austin|R. Thomas|511387
16489|Austin|Jorge Alastuey|336558
16489|Austin|M. Burton|407423
16489|Austin|B. Šabović|47845
16489|Austin|Ilie Sánchez|51263
16489|Austin|Ervin Torres|425840
16489|Austin|Stefan Dobrijevic|644266
16489|Austin|J. Gallagher|50890
16489|Austin|P. Płacheta|40774
16489|Austin|C. Ramirez|51044
16489|Austin|F. Torres|51620
16489|Austin|M. Uzuni|14405
16489|Austin|B. Vázquez|50893
18310|Charlotte|K. Kahlina|14356
18310|Charlotte|T. Miller|51022
18310|Charlotte|I. Walker|410105
18310|Charlotte|M. Agyemang|461237
18310|Charlotte|N. Byrne|19551
18310|Charlotte|Will Cleary|640017
18310|Charlotte|A. Johnson|612542
18310|Charlotte|H. Kessler|194846
18310|Charlotte|J. Neeley|413212
18310|Charlotte|A. Privett|407651
18310|Charlotte|T. Ream|19023
18310|Charlotte|D. Schnegg|7343
18310|Charlotte|H. Toffolo|17365
18310|Charlotte|R. Aloko|408541
18310|Charlotte|Pep Biel|47058
18310|Charlotte|B. Bronico|50905
18310|Charlotte|B. Coulibaly|541844
18310|Charlotte|D. Diani|48580
18310|Charlotte|A. John|414113
18310|Charlotte|A. Westwood|18926
18310|Charlotte|L. de la Torre|19026
18310|Charlotte|L. Abada|136138
18310|Charlotte|N. Berchimas|401644
18310|Charlotte|A. Goodwin|304119
18310|Charlotte|N. Richmond|644825
18310|Charlotte|A. Saint-Maximin|22173
18310|Charlotte|Tyger Smalls|290894
18310|Charlotte|I. Toklomati Giorno|348231
20787|St. Louis City|R. Bürki|1
20787|St. Louis City|B. Lundt|102614
20787|St. Louis City|C. Olivares|147922
20787|St. Louis City|C. Welsh|542399
20787|St. Louis City|T. Baumgartl|26297
20787|St. Louis City|F. Fall|377313
20787|St. Louis City|K. Hiebert|362107
20787|St. Louis City|L. MacNaughton|78580
20787|St. Louis City|M. Fall|317418
20787|St. Louis City|J. Orozco|282881
20787|St. Louis City|Rafael Santos|10082
20787|St. Louis City|T. Reid-Brown|362428
20787|St. Louis City|T. Totland|57438
20787|St. Louis City|C. Brunet|642167
20787|St. Louis City|C. Durkin|50756
20787|St. Louis City|D. Edelman|265871
20787|St. Louis City|C. Holse|15837
20787|St. Louis City|M. Joyner|377184
20787|St. Louis City|T. Ostrák|120310
20787|St. Louis City|M. Perez|362112
20787|St. Louis City|D. Polvara|350876
20787|St. Louis City|C. Wallem|151311
20787|St. Louis City|Z. Zengue|610436
20787|St. Louis City|P. Ault|641992
20787|St. Louis City|S. Becher|71739
20787|St. Louis City|D. Downs|334362
20787|St. Louis City|Jeong Sang-Bin|237047
20787|St. Louis City|Riley Lynch|461640
20787|St. Louis City|A. Mățan|43095
20787|St. Louis City|Brendan McSorley|460357
20787|St. Louis City|Rafael Navarro|68057