rank;team;games;wins;ties;losses;goals_for;goals_against;goal_diff;points;points_avg;notes
1;Deportes Tolima;140;70;34;36;192;129;+63;244;1.74;
2;Atlético Nacional;133;69;31;33;221;133;+88;238;1.79;
3;Santa Fe;140;63;43;34;179;129;+50;232;1.66;
4;Junior;139;60;38;41;190;151;+39;218;1.57;
5;América Cali;128;59;35;34;170;112;+58;212;1.66;
6;Millonarios;128;56;38;34;175;123;+52;206;1.61;
7;Ind. Medellín;122;53;37;32;170;137;+33;196;1.61;
8;Bucaramanga;121;53;36;32;154;104;+50;195;1.61;
9;Once Caldas;128;49;39;40;148;137;+11;186;1.45;
10;Deportivo Pasto;116;40;26;50;129;139;-10;146;1.26;
11;Fortaleza FC;114;34;38;42;119;139;-20;140;1.23;
12;Pereira;113;32;37;44;117;146;-29;133;1.18;
13;Deportivo Cali;108;32;35;41;112;121;-9;131;1.21;
14;Águilas Doradas;107;32;35;40;116;132;-16;131;1.22;
15;Alianza Petrolera;108;30;29;49;103;145;-42;119;1.10;
16;La Equidad;117;28;35;54;113;170;-57;119;1.02;
17;Boyacá Chicó;107;24;25;58;88;179;-91;97;0.91;
18;Llaneros;70;21;18;31;68;87;-19;81;1.16;
19;Cúcuta;30;6;10;14;33;54;-21;28;0.93;
20;Jaguares;29;6;7;16;31;51;-20;25;0.86;