ranker;player;nationality;position;team;age;birth_year;minutes_90s;goals;shots;shots_on_target;shots_on_target_pct;shots_per90;shots_on_target_per90;goals_per_shot;goals_per_shot_on_target;pens_made;pens_att;matches
1;Federico Abadía;ARG;GK;Cúcuta;28-111;1998;24.7;0;0;0;;0.00;0.00;;;0;0;Matches
2;Joao Abonia;COL;DF;Cúcuta;26-235;2000;20.2;0;9;2;22.2;0.45;0.10;0.00;0.00;0;0;Matches
3;Sebastián Acosta;COL;MF,FW;Pereira;31-334;1994;12.8;1;32;11;34.4;2.50;0.86;0.03;0.09;0;0;Matches
4;Rafael Acuña;COL;MF;Once Caldas;20-082;2006;0.1;0;0;0;;0.00;0.00;;;0;0;Matches
5;Andres Aedo;COL;DF,MF;Boyacá Chicó;22-220;2004;11.0;1;3;1;33.3;0.27;0.09;0.33;1.00;0;0;Matches
6;Sergio Aguayo;USA;FW;Deportes Tolima;23-311;2002;3.2;2;12;3;25.0;3.80;0.95;0.17;0.67;1;1;Matches
7;Jonathan Agudelo;COL;FW,MF;Cúcuta;33-288;1992;5.5;0;11;3;27.3;2.01;0.55;0.00;0.00;0;0;Matches
8;Felipe Aguilar;COL;DF;Deportivo Cali;33-254;1993;16.0;1;8;4;50.0;0.50;0.25;0.13;0.25;0;0;Matches
9;Santiago Aguilar;COL;DF;Pereira;28-063;1998;7.6;1;2;2;100.0;0.26;0.26;0.50;0.50;0;0;Matches
10;Miguel Aguirre;;MF,FW;Pereira;;;13.1;0;12;2;16.7;0.92;0.15;0.00;0.00;0;0;Matches
11;Israel Alba;COL;DF,MF;Alianza Petrolera;31-148;1995;6.9;0;6;1;16.7;0.86;0.14;0.00;0.00;0;0;Matches
12;Israel Alba;COL;DF;Bucaramanga;31-148;1995;3.4;0;5;0;0.0;1.49;0.00;0.00;;0;0;Matches
13;Omar Albornoz;COL;DF;Cúcuta;31-003;1995;3.9;1;2;2;100.0;0.51;0.51;0.50;0.50;0;0;Matches
14;Omar Albornoz;COL;MF,DF;Bucaramanga;31-003;1995;1.1;0;1;0;0.0;0.94;0.00;0.00;;0;0;Matches
15;Diego Alejandro Martínez;COL;GK;Jaguares;36-306;1989;13.0;0;0;0;;0.00;0.00;;;0;0;Matches
16;Andrés Alfonso;COL;FW;Jaguares;21-242;2005;0.7;0;1;1;100.0;1.48;1.48;0.00;0.00;0;0;Matches
17;Jhonier Alomía;COL;DF;Boyacá Chicó;27-248;1999;5.9;1;5;2;40.0;0.84;0.34;0.20;0.50;0;0;Matches
18;Jhons Altamiranda;COL;DF;Jaguares;26-135;2000;8.2;1;2;2;100.0;0.24;0.24;0.50;0.50;0;0;Matches
19;Jaime Alvarado;COL;MF;Once Caldas;27-067;1999;11.6;0;6;2;33.3;0.52;0.17;0.00;0.00;0;0;Matches
20;Andrés Álvarez;COL;MF,DF;Águilas Doradas;27-203;1999;4.6;0;7;0;0.0;1.51;0.00;0.00;;0;0;Matches
21;Erik Alvarez;COL;;Deportes Tolima;18-232;2008;0.2;0;0;0;;0.00;0.00;;;0;0;Matches
22;Fernando Álvarez;COL;DF;Deportivo Cali;23-038;2003;21.6;0;12;2;16.7;0.56;0.09;0.00;0.00;0;0;Matches
23;Julián Alveiro Quiñones;COL;DF;Deportivo Cali;36-330;1989;7.8;1;4;1;25.0;0.52;0.13;0.25;1.00;0;0;Matches
24;Julián Alveiro Quiñones;COL;DF;Deportivo Pasto;36-330;1989;3.2;0;1;0;0.0;0.31;0.00;0.00;;0;0;Matches
25;Santiago Alzate;;;Pereira;;;0.6;0;0;0;;0.00;0.00;;;0;0;Matches
26;Miguel Amaya;COL;DF;La Equidad;22-210;2004;2.2;0;1;0;0.0;0.45;0.00;0.00;;0;0;Matches
27;Guillermo de Amores;URU;GK;Millonarios;31-347;1994;4.0;0;0;0;;0.00;0.00;;;0;0;Matches
28;Camilo Amu;COL;MF;América Cali;18-201;2008;0.8;0;0;0;;0.00;0.00;;;0;0;Matches
29;Omar Andres Bertel;COL;DF;América Cali;30-022;1996;25.4;0;10;2;20.0;0.39;0.08;0.00;0.00;0;0;Matches
30;Fabián Ángel;COL;MF;Junior;25-264;2001;14.4;1;14;5;35.7;0.97;0.35;0.07;0.20;0;0;Matches
31;Tomas Ángel;COL;FW,MF;América Cali;23-223;2003;14.6;3;34;12;35.3;2.33;0.82;0.09;0.25;0;0;Matches
32;Anderson Angulo;COL;DF;Deportes Tolima;30-092;1996;18.5;0;7;2;28.6;0.38;0.11;0.00;0.00;0;0;Matches
33;Bladimir Angulo;COL;DF;Jaguares;25-171;2001;1.3;0;1;0;0.0;0.80;0.00;0.00;;0;0;Matches
34;Jan Ángulo;COL;DF;Deportes Tolima;25-153;2001;29.0;0;12;2;16.7;0.41;0.07;0.00;0.00;0;0;Matches
35;Jeison Angulo;COL;DF;Santa Fe;30-096;1996;10.9;0;1;1;100.0;0.09;0.09;0.00;0.00;0;0;Matches
36;Julián Angulo;COL;MF;Millonarios;24-140;2002;6.6;1;8;2;25.0;1.21;0.30;0.13;0.50;0;0;Matches
37;Kevin Angulo;COL;FW;América Cali;18-089;2008;4.4;2;16;5;31.3;3.64;1.14;0.13;0.40;0;0;Matches
38;Juan Aponzá;COL;MF;América Cali;18-130;2008;0.1;0;0;0;;0.00;0.00;;;0;0;Matches
39;Michael Aponza;COL;FW;Deportivo Cali;20-345;2005;1.1;0;1;1;100.0;0.88;0.88;0.00;0.00;0;0;Matches
40;Sergio Aponzá;COL;MF,FW;Alianza Petrolera;21-065;2005;0.9;0;1;0;0.0;1.06;0.00;0.00;;0;0;Matches
41;Cristian Arango;COL;FW,MF;Atlético Nacional;31-206;1995;8.3;2;38;16;42.1;4.57;1.93;0.05;0.13;0;0;Matches
42;Juan Arango;COL;MF;Deportivo Cali;19-107;2007;1.2;0;3;0;0.0;2.48;0.00;0.00;;0;0;Matches
43;Iván Arboleda;COL;GK;Águilas Doradas;30-163;1996;12.1;0;0;0;;0.00;0.00;;;0;0;Matches
44;Juan Arcila;COL;DF,MF;Jaguares;26-209;2000;5.6;0;2;0;0.0;0.36;0.00;0.00;;0;0;Matches
45;Juan Arcila;COL;DF;Alianza Petrolera;26-209;2000;1.0;0;0;0;;0.00;0.00;;;0;0;Matches
46;Eduar Arízalas;COL;MF,FW;Águilas Doradas;24-310;2001;7.9;0;8;6;75.0;1.01;0.76;0.00;0.00;0;0;Matches
47;Eduar Arízalas;COL;MF,FW;Cúcuta;24-310;2001;13.3;1;11;6;54.5;0.83;0.45;0.09;0.17;0;0;Matches
48;Franco Armani;ARG;GK;Atlético Nacional;39-350;1986;9.0;0;0;0;;0.00;0.00;;;0;0;Matches
49;Cristian Arrieta;COL;DF,MF;Deportes Tolima;30-271;1996;17.9;0;9;0;0.0;0.50;0.00;0.00;;0;0;Matches
50;Andrés Arroyo;COL;MF,FW;Fortaleza FC;24-254;2002;18.2;9;58;21;36.2;3.18;1.15;0.16;0.43;3;3;Matches
51;Faiber Arroyo;;DF;Boyacá Chicó;;;1.3;0;0;0;;0.00;0.00;;;0;0;Matches
52;Dairon Asprilla;COL;FW;Atlético Nacional;34-129;1992;6.3;2;16;7;43.8;2.54;1.11;0.13;0.29;0;0;Matches
53;Weimar Asprilla;COL;GK;Santa Fe;27-131;1999;7.4;0;0;0;;0.00;0.00;;;0;0;Matches
54;Juan Ávalo;COL;MF,FW;Águilas Doradas;25-001;2001;12.9;0;24;4;16.7;1.85;0.31;0.00;0.00;0;0;Matches
55;Carlos Bacca;COL;FW;Deportivo Cali;40-023;1986;1.1;0;2;2;100.0;1.87;1.87;0.00;0.00;0;0;Matches
56;Carlos Bacca;COL;FW;Junior;40-023;1986;3.1;2;5;3;60.0;1.61;0.97;0.40;0.67;0;0;Matches
57;Jhon Balanta;COL;DF;Fortaleza FC;28-199;1998;18.5;1;6;1;16.7;0.32;0.05;0.17;1.00;0;0;Matches
58;Kevin Balanta;COL;MF;Fortaleza FC;22-076;2004;14.9;0;7;0;0.0;0.47;0.00;0.00;;0;0;Matches
59;Kevin Balanta;COL;DF;Santa Fe;29-156;1997;2.0;0;0;0;;0.00;0.00;;;0;0;Matches
60;Marlon Balanta;COL;DF;Ind. Medellín;20-163;2006;1.4;0;0;0;;0.00;0.00;;;0;0;Matches
61;Armando Ballesteros;COL;DF;Cúcuta;25-060;2001;1.6;0;1;0;0.0;0.62;0.00;0.00;;0;0;Matches
62;Geovanni Banguera;COL;GK;Deportivo Pasto;30-290;1995;15.8;0;0;0;;0.00;0.00;;;0;0;Matches
63;John Banguera;COL;DF;Ind. Medellín;17-329;2008;0.3;0;0;0;;0.00;0.00;;;0;0;Matches
64;Arlen Banguero;COL;DF;Boyacá Chicó;26-191;2000;15.0;2;7;3;42.9;0.47;0.20;0.29;0.67;0;0;Matches
65;Danovis Banguero;COL;DF;Millonarios;36-339;1989;12.5;0;10;3;30.0;0.80;0.24;0.00;0.00;0;0;Matches
66;Eduard Banguero;COL;DF;Alianza Petrolera;25-239;2001;7.9;0;7;2;28.6;0.88;0.25;0.00;0.00;0;0;Matches
67;Shean Barbosa;COL;DF,MF;Deportes Tolima;22-177;2004;8.0;0;2;0;0.0;0.25;0.00;0.00;;0;0;Matches
68;Williams Barlasina;ARG;GK;Fortaleza FC;28-094;1998;9.0;0;0;0;;0.00;0.00;;;0;0;Matches
69;Michael Barragán;COL;GK;Fortaleza FC;22-125;2004;2.0;0;0;0;;0.00;0.00;;;0;0;Matches
70;Jaine Barreiro;COL;DF;Millonarios;32-104;1994;9.9;0;7;2;28.6;0.71;0.20;0.00;0.00;0;0;Matches
71;Cristian Barrios;COL;MF;Junior;28-135;1998;21.0;5;29;14;48.3;1.38;0.67;0.17;0.36;0;0;Matches
72;Michael Barrios;COL;MF,FW;Once Caldas;35-163;1991;16.1;2;31;14;45.2;1.93;0.87;0.06;0.14;0;0;Matches
73;Enmerson Batalla;COL;MF,FW;Bucaramanga;25-093;2001;19.8;10;58;21;36.2;2.93;1.06;0.17;0.48;0;1;Matches
74;Andy Batioja;COL;FW;Fortaleza FC;20-243;2006;1.9;0;6;1;16.7;3.10;0.52;0.00;0.00;0;0;Matches
75;Juan Bauza;ARG;MF;Atlético Nacional;30-151;1996;1.2;1;2;2;100.0;1.64;1.64;0.50;0.50;0;0;Matches
76;Julián Bazán;COL;DF;Pereira;20-310;2005;7.0;0;2;1;50.0;0.29;0.14;0.00;0.00;0;0;Matches
77;Juan Belalcazar;;;Pereira;;;0.1;0;0;0;;0.00;0.00;;;0;0;Matches
78;Eduard Bello;VEN;MF,FW;Deportivo Cali;31-042;1995;6.3;6;15;10;66.7;2.39;1.59;0.40;0.60;0;0;Matches
79;Eduard Bello;VEN;MF;Atlético Nacional;31-042;1995;10.6;2;22;7;31.8;2.08;0.66;0.09;0.29;1;1;Matches
80;Eduar Beltrán;COL;GK;Alianza Petrolera;26-223;2000;4.0;0;0;0;;0.00;0.00;;;0;0;Matches
81;Hassler Beltrán;COL;FW;Cúcuta;20-239;2006;0.4;0;1;1;100.0;2.81;2.81;0.00;0.00;0;0;Matches
82;Jorman Beltran;;;Once Caldas;;;0.1;0;0;0;;0.00;0.00;;;0;0;Matches
83;Julián Beltrán;;MF;Llaneros;;;0.8;0;3;0;0.0;3.65;0.00;0.00;;0;0;Matches
84;Nicolás Benedetti;COL;FW,MF;Deportivo Cali;29-159;1997;4.9;3;8;3;37.5;1.62;0.61;0.38;1.00;0;0;Matches
85;Brian Benítez;ARG;MF;Llaneros;30-167;1996;2.8;0;4;1;25.0;1.45;0.36;0.00;0.00;0;0;Matches
86;Royner Benítez;COL;FW;Águilas Doradas;21-102;2005;2.7;0;11;1;9.1;4.07;0.37;0.00;0.00;0;0;Matches
87;Leider Berdugo;COL;MF,FW;Cúcuta;24-224;2002;23.7;5;48;18;37.5;2.02;0.76;0.10;0.28;4;5;Matches
88;Jorge Bermúdez;COL;MF;Pereira;25-238;2001;27.2;0;17;4;23.5;0.63;0.15;0.00;0.00;0;0;Matches
89;José Bernal;PAN;MF;Deportivo Pasto;24-042;2002;0.6;0;4;2;50.0;6.92;3.46;0.00;0.00;0;0;Matches
90;Léider Berrío;COL;MF,FW;Ind. Medellín;28-116;1998;4.2;1;12;3;25.0;2.88;0.72;0.08;0.33;0;0;Matches
91;Juan Betancourth;COL;GK;Pereira;22-219;2004;5.0;0;0;0;;0.00;0.00;;;0;0;Matches
92;Cristian Blanco;COL;DF;Boyacá Chicó;27-245;1999;7.6;0;1;0;0.0;0.13;0.00;0.00;;0;0;Matches
93;Jhonier Blanco;COL;FW,MF;Fortaleza FC;25-348;2000;3.0;1;6;2;33.3;1.97;0.66;0.17;0.50;0;0;Matches
94;Jhonier Blanco;COL;FW;Llaneros;25-348;2000;5.3;1;7;3;42.9;1.33;0.57;0.14;0.33;0;0;Matches
95;Tomás Blandón;COL;MF;Águilas Doradas;19-183;2007;1.1;0;2;0;0.0;1.82;0.00;0.00;;0;0;Matches
96;Facundo Boné;URU;MF,FW;La Equidad;30-319;1995;26.0;7;56;19;33.9;2.16;0.73;0.13;0.37;3;4;Matches
97;Dylan Borrero;COL;MF;América Cali;24-269;2002;5.1;1;8;2;25.0;1.56;0.39;0.13;0.50;0;0;Matches
98;Tobías Bovone;ARG;DF;Pereira;26-305;1999;13.0;0;4;2;50.0;0.31;0.15;0.00;0.00;0;0;Matches
99;Javier Burrai;ECU;GK;Millonarios;35-357;1990;13.0;0;0;0;;0.00;0.00;;;0;0;Matches
100;Rafael Bustamante;COL;MF;Jaguares;26-364;1999;11.8;2;13;4;30.8;1.10;0.34;0.15;0.50;0;0;Matches
101;Nahuel Bustos;ARG;FW,MF;Santa Fe;28-089;1998;14.7;10;43;23;53.5;2.92;1.56;0.23;0.43;2;2;Matches
102;Johan Caballero;COL;MF,FW;La Equidad;28-139;1998;11.4;1;20;7;35.0;1.75;0.61;0.05;0.14;0;0;Matches
103;Edwin Cabezas;COL;DF;Fortaleza FC;21-157;2005;1.2;0;1;0;0.0;0.81;0.00;0.00;;0;0;Matches
104;Jorge Cabezas;COL;FW;Millonarios;23-025;2003;1.6;0;6;3;50.0;3.83;1.91;0.00;0.00;0;0;Matches
105;Jorge Cabezas;COL;MF,FW;Deportes Tolima;23-025;2003;5.8;3;17;4;23.5;2.94;0.69;0.18;0.75;0;0;Matches
106;Elías Cabrera;ARG;MF;Atlético Nacional;23-218;2003;3.5;1;10;3;30.0;2.84;0.85;0.10;0.33;0;0;Matches
107;Yesus Cabrera;COL;MF,FW;Boyacá Chicó;36-016;1990;13.5;1;14;4;28.6;1.04;0.30;0.07;0.25;0;0;Matches
108;Bayron Caicedo;COL;FW;La Equidad;21-205;2005;0.9;0;6;2;33.3;6.59;2.20;0.00;0.00;0;0;Matches
109;Brandon Caicedo;COL;FW;Bucaramanga;25-145;2001;4.7;3;16;7;43.8;3.38;1.48;0.19;0.43;0;0;Matches
110;Cristian Caicedo;COL;MF;Águilas Doradas;24-270;2002;0.3;0;0;0;;0.00;0.00;;;0;0;Matches
111;Deiber Caicedo;COL;MF;Junior;26-190;2000;3.6;1;6;2;33.3;1.68;0.56;0.17;0.50;0;0;Matches
112;Johan Caicedo;COL;MF;Deportivo Pasto;22-202;2004;14.5;1;29;11;37.9;1.99;0.76;0.03;0.09;0;0;Matches
113;Kevin Caicedo;COL;MF;Llaneros;28-319;1997;10.2;1;14;5;35.7;1.38;0.49;0.07;0.20;0;0;Matches
114;Oscar Caicedo;;MF,DF;Boyacá Chicó;;;7.0;0;4;1;25.0;0.57;0.14;0.00;0.00;0;0;Matches
115;Rogerio Caicedo;COL;GK;Boyacá Chicó;32-287;1993;5.0;0;0;0;;0.00;0.00;;;0;0;Matches
116;Joan Cajares;COL;DF;Fortaleza FC;23-104;2003;21.6;1;9;3;33.3;0.42;0.14;0.11;0.33;0;0;Matches
117;Diego Calcaterra;ARG;DF;Cúcuta;25-067;2001;21.4;2;16;6;37.5;0.75;0.28;0.13;0.33;0;0;Matches
118;José Caldera;COL;DF;Deportivo Cali;24-239;2002;15.5;1;11;2;18.2;0.71;0.13;0.09;0.50;0;0;Matches
119;Andrés Calderón;;FW;Pereira;;;0.5;0;0;0;;0.00;0.00;;;0;0;Matches
120;Jhordy Camacho;COL;;América Cali;20-102;2006;0.4;0;0;0;;0.00;0.00;;;0;0;Matches
121;Isaac Camargo;COL;FW;Boyacá Chicó;26-291;1999;2.7;0;6;0;0.0;2.24;0.00;0.00;;0;0;Matches
122;Jesús Camargo;VEN;GK;Once Caldas;28-293;1997;1.0;0;0;0;;0.00;0.00;;;0;0;Matches
123;Juan Camargo;;;Jaguares;;;0.1;0;0;0;;0.00;0.00;;;0;0;Matches
124;Juan Camilo Chaverra;COL;GK;Alianza Petrolera;33-293;1992;6.0;0;0;0;;0.00;0.00;;;0;0;Matches
125;Juan Camilo Mosquera;COL;MF;Bucaramanga;24-079;2002;7.4;1;11;3;27.3;1.48;0.40;0.09;0.33;0;0;Matches
126;Juan Camilo Roa;COL;MF;Águilas Doradas;31-321;1994;11.2;0;14;1;7.1;1.25;0.09;0.00;0.00;0;0;Matches
127;Brayan Campáz;COL;FW;Millonarios;21-364;2004;0.1;0;0;0;;0.00;0.00;;;0;0;Matches
128;Jesús Campo;;MF,DF;Boyacá Chicó;;;1.1;0;0;0;;0.00;0.00;;;0;0;Matches
129;Jorman Campuzano;COL;MF;Atlético Nacional;30-154;1996;21.0;1;4;1;25.0;0.19;0.05;0.25;1.00;0;0;Matches
130;Joel Canchimbo;COL;MF,FW;Junior;21-050;2005;13.2;4;28;11;39.3;2.12;0.83;0.14;0.36;0;0;Matches
131;Agustín Cano;COL;MF;Cúcuta;25-115;2001;2.4;0;4;2;50.0;1.67;0.84;0.00;0.00;0;0;Matches
132;Cristián Cañozales;COL;FW;Águilas Doradas;27-162;1999;2.3;0;4;0;0.0;1.75;0.00;0.00;;0;0;Matches
133;Carlos Cantillo;COL;MF;Jaguares;23-222;2003;1.0;0;1;1;100.0;1.05;1.05;0.00;0.00;0;0;Matches
134;Fabián Cantillo;COL;MF;Alianza Petrolera;29-014;1997;11.2;1;19;7;36.8;1.70;0.63;0.05;0.14;0;0;Matches
135;Víctor Cantillo;COL;MF;Bucaramanga;32-351;1993;0.0;0;0;0;;0.00;0.00;;;0;0;Matches
136;Marlon Carabalí;COL;MF;Cúcuta;23-264;2003;4.6;0;8;4;50.0;1.73;0.87;0.00;0.00;0;0;Matches
137;Edwin Cardona;COL;MF;Atlético Nacional;33-297;1992;14.0;6;44;21;47.7;3.15;1.50;0.14;0.29;2;2;Matches
138;Jorge Cardona;COL;DF;Once Caldas;27-220;1999;22.6;1;11;3;27.3;0.49;0.13;0.09;0.33;0;0;Matches
139;Yan Carlos Mosquera;COL;DF;Jaguares;31-174;1995;11.2;1;4;1;25.0;0.36;0.09;0.25;1.00;0;0;Matches
140;Rafael Carrascal;COL;MF;América Cali;33-309;1992;28.6;1;24;6;25.0;0.84;0.21;0.04;0.17;0;0;Matches
141;Andres Carreño;COL;FW;Águilas Doradas;23-149;2003;0.2;0;1;0;0.0;4.74;0.00;0.00;;0;0;Matches
142;Milton Casco;ARG;DF;Atlético Nacional;38-173;1988;23.2;2;11;6;54.5;0.47;0.26;0.18;0.33;0;0;Matches
143;Frank Castañeda;COL;MF;Llaneros;32-076;1994;5.0;2;10;3;30.0;2.01;0.60;0.20;0.67;0;0;Matches
144;Frank Castañeda;COL;MF,DF;Cúcuta;32-076;1994;6.2;0;11;3;27.3;1.76;0.48;0.00;0.00;0;0;Matches
145;Juan Castaño;COL;DF;Once Caldas;28-033;1998;16.8;0;8;1;12.5;0.48;0.06;0.00;0.00;0;0;Matches
146;Mauricio Castaño;COL;DF;Jaguares;32-299;1993;10.1;0;4;0;0.0;0.40;0.00;0.00;;0;0;Matches
147;Juan Castilla;COL;MF;Llaneros;22-066;2004;8.6;0;6;0;0.0;0.70;0.00;0.00;;0;0;Matches
148;Harlen Castillo;COL;GK;Atlético Nacional;33-045;1993;12.0;0;0;0;;0.00;0.00;;;0;0;Matches
149;Jair Castillo;COL;MF;Alianza Petrolera;29-163;1997;19.3;1;14;5;35.7;0.72;0.26;0.07;0.20;0;0;Matches
150;Juan Castillo;COL;DF;Fortaleza FC;23-363;2002;6.1;0;6;0;0.0;0.98;0.00;0.00;;0;0;Matches
151;Julian Castillo;;;Boyacá Chicó;;;1.6;0;3;0;0.0;1.90;0.00;0.00;;0;0;Matches
152;Mateo Castillo;COL;DF;América Cali;23-200;2003;14.6;2;20;4;20.0;1.37;0.27;0.10;0.50;0;0;Matches
153;Bryan Castrillón;COL;MF;Junior;27-185;1999;16.7;2;48;22;45.8;2.88;1.32;0.04;0.09;0;0;Matches
154;Nilson Castrillón;COL;MF,DF;Bucaramanga;30-246;1996;5.5;0;0;0;;0.00;0.00;;;0;0;Matches
155;Alex Castro;COL;MF;Millonarios;32-207;1994;1.9;0;0;0;;0.00;0.00;;;0;0;Matches
156;Beckham Castro;COL;FW,MF;Millonarios;23-019;2003;5.2;3;17;6;35.3;3.25;1.15;0.18;0.50;0;0;Matches
157;Joan Castro;COL;DF;La Equidad;29-261;1997;23.7;1;17;4;23.5;0.72;0.17;0.06;0.25;0;0;Matches
158;Leonardo Castro;COL;FW;Millonarios;34-109;1992;23.4;11;66;30;45.5;2.82;1.28;0.17;0.37;1;2;Matches
159;Daniel Cataño;COL;MF,FW;Ind. Medellín;34-257;1992;7.3;2;17;8;47.1;2.33;1.10;0.12;0.25;0;0;Matches
160;Kevin Cataño;COL;GK;La Equidad;23-114;2003;2.0;0;0;0;;0.00;0.00;;;0;0;Matches
161;Kevin Cataño;COL;GK;Atlético Nacional;23-114;2003;1.0;0;0;0;;0.00;0.00;;;0;0;Matches
162;José Cavadía;COL;MF;América Cali;20-010;2006;5.1;0;5;1;20.0;0.98;0.20;0.00;0.00;0;0;Matches
163;Juan Ceballos;COL;MF;Cúcuta;27-274;1998;10.0;0;6;2;33.3;0.60;0.20;0.00;0.00;0;0;Matches
164;Guillermo Celis;COL;MF;Junior;33-146;1993;12.8;0;1;0;0.0;0.08;0.00;0.00;;0;0;Matches
165;Fabián Chalare;COL;MF,FW;Águilas Doradas;22-081;2004;14.1;2;26;8;30.8;1.84;0.57;0.08;0.25;0;0;Matches
166;Yimmi Chará;COL;MF;Junior;35-182;1991;11.6;0;10;4;40.0;0.86;0.34;0.00;0.00;0;0;Matches
167;Felix Charrupí;COL;MF;Bucaramanga;25-141;2001;21.5;4;18;7;38.9;0.84;0.33;0.22;0.57;0;0;Matches
168;Gustavo Charrupí;COL;MF;Bucaramanga;22-066;2004;5.5;0;6;2;33.3;1.08;0.36;0.00;0.00;0;0;Matches
169;Eder Chaux;COL;GK;Ind. Medellín;34-285;1991;15.0;0;0;0;;0.00;0.00;;;0;0;Matches
170;Fabian Chaverra;COL;MF;La Equidad;23-156;2003;0.4;0;3;0;0.0;7.50;0.00;0.00;;0;0;Matches
171;Francisco Chaverra;COL;MF;Millonarios;26-202;2000;12.1;3;39;20;51.3;3.23;1.66;0.08;0.15;0;0;Matches
172;Francisco Chaverra;COL;MF,FW;Ind. Medellín;26-202;2000;14.7;3;35;11;31.4;2.39;0.75;0.09;0.27;1;1;Matches
173;Leyser Chaverra;COL;MF,DF;Deportivo Cali;29-183;1997;8.7;1;11;5;45.5;1.27;0.58;0.09;0.20;1;1;Matches
174;Leyser Chaverra;COL;DF;Ind. Medellín;29-183;1997;13.5;2;10;2;20.0;0.74;0.15;0.20;1.00;2;2;Matches
175;Diego Chávez;ARG;MF,FW;Deportivo Pasto;29-007;1997;15.1;4;29;9;31.0;1.93;0.60;0.14;0.44;0;0;Matches
176;Brandon Chury;COL;MF;Llaneros;21-195;2005;0.3;0;2;0;0.0;7.83;0.00;0.00;;0;0;Matches
177;Felipe Cifuentes;COL;FW;Boyacá Chicó;24-170;2002;3.5;1;7;4;57.1;1.97;1.13;0.14;0.25;0;0;Matches
178;Andrés Colorado;COL;MF;Once Caldas;27-304;1998;10.3;1;10;4;40.0;0.97;0.39;0.10;0.25;0;0;Matches
179;Andrés Colorado;COL;MF;Deportivo Cali;27-304;1998;6.7;0;6;1;16.7;0.90;0.15;0.00;0.00;0;0;Matches
180;Royscer Colpa;COL;MF,DF;Jaguares;31-131;1995;22.4;0;10;5;50.0;0.45;0.22;0.00;0.00;0;0;Matches
181;Joel Contreras;COL;MF,FW;Llaneros;27-153;1999;4.4;1;4;3;75.0;0.91;0.69;0.25;0.33;0;0;Matches
182;Rodrigo Contreras;ARG;FW;Millonarios;30-339;1995;18.2;10;69;28;40.6;3.78;1.53;0.14;0.36;1;1;Matches
183;Andrés Copete;COL;DF;Fortaleza FC;26-004;2000;7.7;1;3;2;66.7;0.39;0.26;0.33;0.50;0;0;Matches
184;Brayan Córdoba;COL;DF;América Cali;27-013;1999;1.2;0;1;0;0.0;0.86;0.00;0.00;;0;0;Matches
185;Brayan Córdoba;COL;DF;Cúcuta;27-013;1999;9.0;1;4;1;25.0;0.44;0.11;0.25;1.00;0;0;Matches
186;Jaidinson Córdoba;COL;MF;Ind. Medellín;18-293;2007;0.2;0;0;0;;0.00;0.00;;;0;0;Matches
187;Juan Córdoba;COL;MF;Ind. Medellín;23-082;2003;1.9;1;8;3;37.5;4.11;1.54;0.13;0.33;0;0;Matches
188;Santiago Córdoba;COL;FW;Deportivo Pasto;29-139;1997;13.1;6;37;11;29.7;2.83;0.84;0.16;0.55;0;0;Matches
189;Andrés Correa;COL;DF;Deportivo Cali;32-245;1994;17.5;0;6;1;16.7;0.34;0.06;0.00;0.00;0;0;Matches
190;Andrés Correa;COL;DF;Once Caldas;32-245;1994;9.9;0;7;2;28.6;0.71;0.20;0.00;0.00;0;0;Matches
191;Bryan Correa;COL;DF;América Cali;22-200;2004;2.1;0;2;0;0.0;0.94;0.00;0.00;;0;0;Matches
192;Miguel Correa;;MF;Deportivo Cali;;;0.4;0;0;0;;0.00;0.00;;;0;0;Matches
193;Carlos Cortes;COL;FW;Llaneros;25-014;2001;16.4;3;30;12;40.0;1.83;0.73;0.10;0.25;1;1;Matches
194;Carlos Cruz;MEX;DF;Pereira;22-264;2004;18.6;0;11;2;18.2;0.59;0.11;0.00;0.00;0;0;Matches
195;Juan Cuadrado;COL;MF;Millonarios;38-128;1988;0.6;0;1;0;0.0;1.55;0.00;0.00;;0;0;Matches
196;Santiago Cubides;COL;MF,FW;Jaguares;26-023;2000;5.8;1;10;5;50.0;1.73;0.87;0.10;0.20;0;0;Matches
197;Gustavo Cuellar;COL;MF;Deportivo Cali;33-352;1992;10.8;0;5;2;40.0;0.46;0.19;0.00;0.00;0;0;Matches
198;Cuero Cuero;COL;DF;Fortaleza FC;22-063;2004;14.8;0;15;5;33.3;1.01;0.34;0.00;0.00;0;0;Matches
199;Kevin Cuesta;COL;DF;Once Caldas;26-168;2000;7.1;1;4;2;50.0;0.56;0.28;0.25;0.50;0;0;Matches
200;Cristián Dajome;COL;MF,FW;La Equidad;32-271;1994;8.2;1;8;4;50.0;0.98;0.49;0.13;0.25;1;1;Matches
201;Juan David Cuesta;COL;DF;Once Caldas;28-314;1997;31.9;0;33;8;24.2;1.04;0.25;0.00;0.00;0;0;Matches
202;Juan David Ramírez;COL;GK;Cúcuta;29-265;1997;5.3;0;0;0;;0.00;0.00;;;0;0;Matches
203;Juan David Ríos;COL;MF;Junior;34-359;1991;23.6;0;5;0;0.0;0.21;0.00;0.00;;0;0;Matches
204;Andrés Dávila;COL;DF;Ind. Medellín;19-242;2007;0.5;0;1;0;0.0;2.05;0.00;0.00;;0;0;Matches
205;Carlos De Las Salas;COL;DF;Bucaramanga;28-158;1998;6.0;0;3;0;0.0;0.50;0.00;0.00;;0;0;Matches
206;Fabio Delgado;COL;DF;Pereira;27-126;1999;13.6;0;5;2;40.0;0.37;0.15;0.00;0.00;0;0;Matches
207;Emiliano Denis;URU;GK;Boyacá Chicó;34-289;1991;14.0;0;0;0;;0.00;0.00;;;0;0;Matches
208;Jaime Díaz;COL;MF,DF;Boyacá Chicó;26-190;2000;2.1;0;6;1;16.7;2.87;0.48;0.00;0.00;0;0;Matches
209;Jesús Díaz;COL;FW;Cúcuta;27-133;1999;0.7;0;1;0;0.0;1.41;0.00;0.00;;0;0;Matches
210;Juan Díaz;COL;MF;Boyacá Chicó;25-134;2001;27.2;1;7;3;42.9;0.26;0.11;0.14;0.33;0;0;Matches
211;Yesid Díaz;COL;DF;Fortaleza FC;29-069;1997;29.3;1;16;5;31.3;0.55;0.17;0.06;0.20;0;0;Matches
212;Diego Duarte;PAR;FW;La Equidad;24-176;2002;9.2;3;28;9;32.1;3.04;0.98;0.11;0.33;0;0;Matches
213;Mauricio Duarte;COL;DF;Cúcuta;34-099;1992;17.7;0;9;4;44.4;0.51;0.23;0.00;0.00;0;0;Matches
214;John Edison García;COL;DF;Águilas Doradas;37-119;1989;5.4;0;4;1;25.0;0.73;0.18;0.00;0.00;0;0;Matches
215;John Edwin Montaño;COL;MF,FW;Ind. Medellín;19-362;2006;19.8;7;49;19;38.8;2.47;0.96;0.14;0.37;0;0;Matches
216;Edgar Elizalde;URU;DF;Millonarios;26-216;2000;6.5;0;2;0;0.0;0.31;0.00;0.00;;0;0;Matches
217;Jorge Enrique Arias;COL;DF;Millonarios;33-322;1992;21.0;0;12;3;25.0;0.57;0.14;0.00;0.00;0;0;Matches
218;Luis Enrique Quiñones;COL;MF;América Cali;35-097;1991;7.5;1;12;4;33.3;1.60;0.53;0.08;0.25;0;0;Matches
219;Carlos Enrique Renteria;COL;MF;Cúcuta;31-088;1995;6.5;2;4;3;75.0;0.62;0.46;0.50;0.67;0;0;Matches
220;Nivaldo Erazo;COL;MF;Ind. Medellín;19-206;2007;1.0;1;1;1;100.0;1.02;1.02;1.00;1.00;0;0;Matches
221;Luis Erney Vasquez;COL;GK;Bucaramanga;30-214;1996;10.0;0;0;0;;0.00;0.00;;;0;0;Matches
222;Jhojan Escobar;COL;DF;Llaneros;26-259;2000;10.2;0;1;0;0.0;0.10;0.00;0.00;;0;0;Matches
223;Josen Escobar;COL;MF;América Cali;21-293;2004;26.4;2;26;7;26.9;0.98;0.26;0.08;0.29;0;0;Matches
224;Luis Escorcia;COL;DF;Ind. Medellín;22-267;2004;5.4;0;0;0;;0.00;0.00;;;0;0;Matches
225;Carlos Esparragoza;COL;MF;Alianza Petrolera;27-209;1999;15.1;0;27;1;3.7;1.78;0.07;0.00;0.00;0;0;Matches
226;Johan Esteban Beltrán;COL;MF,FW;Once Caldas;26-348;1999;2.1;0;1;0;0.0;0.48;0.00;0.00;;0;0;Matches
227;Johan Esteban Beltrán;COL;MF,FW;Jaguares;26-348;1999;2.9;0;3;2;66.7;1.04;0.69;0.00;0.00;0;0;Matches
228;Andrey Estupiñán;COL;MF,FW;Millonarios;32-088;1994;6.2;4;19;8;42.1;3.09;1.30;0.21;0.50;0;0;Matches
229;Andrey Estupiñán;COL;FW,MF;Deportivo Pasto;32-088;1994;17.2;13;53;24;45.3;3.08;1.39;0.25;0.54;4;4;Matches
230;Frank Fabra;COL;DF,MF;Ind. Medellín;35-221;1991;11.5;0;9;3;33.3;0.78;0.26;0.00;0.00;0;0;Matches
231;Fabry;COL;MF,FW;Bucaramanga;34-222;1992;7.1;1;4;1;25.0;0.57;0.14;0.25;1.00;0;0;Matches
232;Franco Fagúndez;URU;MF,FW;Santa Fe;26-074;2000;13.2;6;32;13;40.6;2.42;0.98;0.19;0.46;0;0;Matches
233;Radamel Falcao;COL;MF,FW;Millonarios;40-233;1986;2.6;1;7;3;42.9;2.73;1.17;0.14;0.33;1;1;Matches
234;Wuilker Faríñez;VEN;GK;La Equidad;28-228;1998;28.7;0;0;0;;0.00;0.00;;;0;0;Matches
235;Andrés Felipe Amaya;COL;MF,FW;Fortaleza FC;25-160;2001;4.8;2;10;3;30.0;2.06;0.62;0.20;0.67;0;0;Matches
236;Andrés Felipe Román;COL;DF;Atlético Nacional;30-361;1995;29.5;4;35;11;31.4;1.19;0.37;0.11;0.36;0;0;Matches
237;Omar Fernández Frasica;COL;MF;Santa Fe;33-232;1993;18.9;5;24;12;50.0;1.27;0.64;0.21;0.42;0;0;Matches
238;Wiston Fernández;URU;MF,FW;Alianza Petrolera;28-270;1998;17.5;1;27;8;29.6;1.54;0.46;0.04;0.13;0;0;Matches
239;Cristopher Fiermarin;URU;GK;Bucaramanga;28-273;1998;9.0;0;0;0;;0.00;0.00;;;0;0;Matches
240;Jesús Figueroa;COL;DF;Alianza Petrolera;30-230;1996;16.0;0;18;2;11.1;1.12;0.12;0.00;0.00;0;0;Matches
241;Francesco Fiorelli;URU;FW;Alianza Petrolera;21-285;2004;2.1;0;3;0;0.0;1.45;0.00;0.00;;0;0;Matches
242;Leonardo Flores Soto;VEN;MF;Bucaramanga;31-057;1995;14.2;1;10;3;30.0;0.71;0.21;0.10;0.33;0;0;Matches
243;Kelvin Flórez;COL;MF;Deportes Tolima;22-236;2004;15.3;5;45;20;44.4;2.94;1.31;0.11;0.25;0;0;Matches
244;Juan Franco;COL;DF,MF;Jaguares;24-272;2002;7.2;0;3;1;33.3;0.42;0.14;0.00;0.00;0;0;Matches
245;Pedro Franco;COL;DF;Alianza Petrolera;35-161;1991;22.9;1;7;1;14.3;0.31;0.04;0.14;1.00;0;0;Matches
246;John Fredy Salazar;COL;MF;Bucaramanga;31-183;1995;11.4;2;22;10;45.5;1.93;0.88;0.09;0.20;0;0;Matches
247;Francisco Fydriszewski;ARG;FW,MF;Junior;33-171;1993;3.7;1;7;5;71.4;1.87;1.34;0.14;0.20;1;1;Matches
248;Francisco Fydriszewski;ARG;FW;Ind. Medellín;33-171;1993;13.5;2;35;14;40.0;2.59;1.04;0.06;0.14;0;0;Matches
249;Jean Galindo;COL;FW;Deportivo Cali;20-124;2006;0.1;0;0;0;;0.00;0.00;;;0;0;Matches
250;Pedro Gallese;PER;GK;Deportivo Cali;36-220;1990;26.0;0;0;0;;0.00;0.00;;;0;0;Matches
251;Mateo Garavito;COL;DF;Deportivo Pasto;25-342;2000;22.5;1;6;2;33.3;0.27;0.09;0.17;0.50;0;0;Matches
252;Yojan Garcés;COL;FW;América Cali;20-127;2006;2.0;0;5;2;40.0;2.50;1.00;0.00;0.00;0;0;Matches
253;Yojan Garcés;COL;FW;La Equidad;20-127;2006;1.3;2;4;3;75.0;3.08;2.31;0.50;0.67;0;0;Matches
254;Jordan Garcia;COL;MF;Fortaleza FC;18-020;2008;1.5;1;2;2;100.0;1.31;1.31;0.50;0.50;0;0;Matches
255;José García;COL;DF;Bucaramanga;23-109;2003;19.1;1;14;2;14.3;0.73;0.10;0.07;0.50;0;0;Matches
256;Mateo García;COL;MF;Millonarios;28-034;1998;22.3;2;37;9;24.3;1.66;0.40;0.05;0.22;0;0;Matches
257;Robinson García;COL;DF;Atlético Nacional;21-120;2005;0.0;0;0;0;;0.00;0.00;;;0;0;Matches
258;Simon Garcia;COL;DF;Atlético Nacional;21-263;2005;18.1;2;10;2;20.0;0.55;0.11;0.20;1.00;0;0;Matches
259;Tomas García;COL;MF;Once Caldas;20-158;2006;1.1;0;2;0;0.0;1.75;0.00;0.00;;0;0;Matches
260;Yeider García;;;La Equidad;;;0.2;0;0;0;;0.00;0.00;;;0;0;Matches
261;Faber Gil;COL;FW,MF;Jaguares;31-201;1995;0.5;0;0;0;;0.00;0.00;;;0;0;Matches
262;Faber Gil;COL;MF;Bucaramanga;31-201;1995;1.1;0;0;0;;0.00;0.00;;;0;0;Matches
263;Mayer Gil;SLV;MF,FW;Deportivo Pasto;23-024;2003;11.4;2;23;8;34.8;2.01;0.70;0.09;0.25;0;0;Matches
264;Nicolás Gil;COL;DF;Deportivo Pasto;29-183;1997;24.6;0;9;1;11.1;0.37;0.04;0.00;0.00;0;0;Matches
265;Sebastián Girado;COL;FW;La Equidad;22-051;2004;0.6;0;2;0;0.0;3.40;0.00;0.00;;0;0;Matches
266;Daniel Giraldo;COL;MF;Deportivo Cali;34-092;1992;12.0;0;8;2;25.0;0.67;0.17;0.00;0.00;0;0;Matches
267;Nicolás Giraldo;COL;DF;Jaguares;33-186;1993;0.4;0;1;0;0.0;2.31;0.00;0.00;;0;0;Matches
268;Yeiler Goez;COL;MF;Deportivo Pasto;26-334;1999;19.2;1;16;4;25.0;0.83;0.21;0.06;0.25;0;0;Matches
269;Eder Gómez;COL;FW;Deportivo Pasto;18-183;2008;0.1;0;0;0;;0.00;0.00;;;0;0;Matches
270;Luis Gómez;COL;MF,FW;Once Caldas;26-355;1999;18.5;4;65;24;36.9;3.51;1.30;0.06;0.17;0;0;Matches
271;Mateo Gomez;;FW;Boyacá Chicó;;;0.1;0;1;1;100.0;15.00;15.00;0.00;0.00;0;0;Matches
272;Yimy Gómez;COL;GK;Pereira;27-058;1999;9.7;0;0;0;;0.00;0.00;;;0;0;Matches
273;Yulián Gómez;COL;DF;La Equidad;29-058;1997;20.6;0;7;3;42.9;0.34;0.15;0.00;0.00;0;0;Matches
274;Jersson González;COL;MF;Deportes Tolima;25-016;2001;12.1;3;17;9;52.9;1.40;0.74;0.18;0.33;0;0;Matches
275;Yony González;COL;MF,FW;Ind. Medellín;32-082;1994;10.8;2;21;7;33.3;1.95;0.65;0.10;0.29;0;0;Matches
276;Hervin Goyes;COL;DF,MF;Deportivo Pasto;20-121;2006;16.5;0;8;3;37.5;0.48;0.18;0.00;0.00;0;0;Matches
277;Jhomier Guerrero;COL;DF;Junior;25-190;2001;14.3;0;18;4;22.2;1.26;0.28;0.00;0.00;0;0;Matches
278;Jhomier Guerrero;COL;DF;Millonarios;25-190;2001;6.6;0;3;1;33.3;0.45;0.15;0.00;0.00;0;0;Matches
279;Aldair Gutiérrez;COL;DF;Bucaramanga;28-106;1998;19.1;0;11;1;9.1;0.58;0.05;0.00;0.00;0;0;Matches
280;Teófilo Gutiérrez;COL;FW;Junior;41-137;1985;10.8;8;15;9;60.0;1.39;0.84;0.53;0.89;3;3;Matches
281;Helieyker Guzman;;MF;Once Caldas;;;2.3;1;11;4;36.4;4.78;1.74;0.09;0.25;0;0;Matches
282;Sebastián Guzmán;COL;MF;Deportes Tolima;29-128;1997;24.9;1;25;8;32.0;1.01;0.32;0.04;0.13;1;2;Matches
283;Yeison Guzmán;COL;FW,MF;América Cali;28-193;1998;26.5;18;63;27;42.9;2.38;1.02;0.29;0.67;9;9;Matches
284;Cesar Haydar;COL;DF;Atlético Nacional;25-184;2001;16.7;0;8;1;12.5;0.48;0.06;0.00;0.00;0;0;Matches
285;Carlos Henao;COL;DF;Jaguares;37-302;1988;26.9;0;24;7;29.2;0.89;0.26;0.00;0.00;0;0;Matches
286;Diego Hernández;COL;DF;Águilas Doradas;26-150;2000;16.2;0;7;0;0.0;0.43;0.00;0.00;;0;0;Matches
287;Junior Hernández;COL;DF,MF;Deportes Tolima;27-179;1999;19.3;1;25;9;36.0;1.29;0.47;0.04;0.11;0;0;Matches
288;Luifer Hernández;VEN;FW;Cúcuta;25-156;2001;14.2;6;25;14;56.0;1.76;0.99;0.24;0.43;0;0;Matches
289;Manuel Hernandez;COL;FW,MF;Pereira;21-057;2005;3.6;0;4;2;50.0;1.10;0.55;0.00;0.00;0;0;Matches
290;Nicolás Hernández;COL;DF;América Cali;28-256;1998;10.1;0;4;0;0.0;0.40;0.00;0.00;;0;0;Matches
291;Edwin Herrera;COL;DF;Junior;28-029;1998;19.2;0;9;2;22.2;0.47;0.10;0.00;0.00;0;0;Matches
292;Iago Herrerín;ESP;GK;Deportivo Pasto;38-249;1988;9.0;0;0;0;;0.00;0.00;;;0;0;Matches
293;Alberto Higgins;COL;MF,DF;Águilas Doradas;21-260;2005;1.7;0;0;0;;0.00;0.00;;;0;0;Matches
294;Fredy Hinestroza;COL;DF,MF;Bucaramanga;36-179;1990;19.7;0;7;1;14.3;0.35;0.05;0.00;0.00;0;0;Matches
295;Johan Hinestroza;COL;MF;Jaguares;24-201;2002;18.5;0;14;3;21.4;0.76;0.16;0.00;0.00;0;0;Matches
296;Avilés Hurtado;COL;MF;Deportivo Cali;39-164;1987;14.0;6;25;11;44.0;1.79;0.79;0.24;0.55;2;3;Matches
297;Yhormar Hurtado;COL;DF;Deportes Tolima;29-291;1996;2.4;1;3;2;66.7;1.26;0.84;0.33;0.50;0;0;Matches
298;Yhormar Hurtado;COL;DF;América Cali;29-291;1996;5.9;0;2;0;0.0;0.34;0.00;0.00;;0;0;Matches
299;Andrés Ibargüen;COL;FW;Deportivo Pasto;34-147;1992;2.0;0;1;1;100.0;0.49;0.49;0.00;0.00;0;0;Matches
300;Salvador Ichazo;URU;GK;Ind. Medellín;34-248;1992;15.0;0;0;0;;0.00;0.00;;;0;0;Matches
301;Juan Ignacio Dinenno;ARG;FW;Deportivo Cali;32-034;1994;17.4;3;41;15;36.6;2.36;0.86;0.07;0.20;0;0;Matches
302;Agustín Irazoque;ARG;DF;La Equidad;26-319;1999;24.0;0;6;4;66.7;0.25;0.17;0.00;0.00;0;0;Matches
303;Jorge Iván Soto;COL;GK;Águilas Doradas;33-060;1993;10.0;0;0;0;;0.00;0.00;;;0;0;Matches
304;Jorge Iván Soto;COL;GK;América Cali;33-060;1993;8.0;0;0;0;;0.00;0.00;;;0;0;Matches
305;Jean;BRA;GK;América Cali;30-340;1995;21.5;0;0;0;;0.00;0.00;;;0;0;Matches
306;Luis Jiménez;COL;DF,MF;Jaguares;28-363;1997;9.7;0;8;3;37.5;0.83;0.31;0.00;0.00;0;0;Matches
307;Santiago Jiménez;COL;DF,MF;Deportivo Pasto;28-214;1998;12.0;1;13;4;30.8;1.09;0.33;0.08;0.25;0;0;Matches
308;Jhonny Jordán;COL;MF;Boyacá Chicó;25-041;2001;1.0;0;3;1;33.3;2.87;0.96;0.00;0.00;0;0;Matches
309;Carlos José Sierra;COL;MF;América Cali;35-341;1990;2.0;0;1;1;100.0;0.51;0.51;0.00;0.00;0;0;Matches
310;Santiago Joven;COL;MF;Deportes Tolima;18-152;2008;1.4;0;3;1;33.3;2.08;0.69;0.00;0.00;0;0;Matches
311;Ronaldo Julio;COL;DF,MF;La Equidad;21-248;2005;10.7;0;18;5;27.8;1.69;0.47;0.00;0.00;0;0;Matches
312;Keiner Klinger;COL;MF;Ind. Medellín;18-330;2007;3.0;1;9;1;11.1;2.98;0.33;0.11;1.00;0;0;Matches
313;Wilfrido de la Rosa;COL;MF,FW;Jaguares;33-236;1993;10.8;1;12;4;33.3;1.11;0.37;0.08;0.25;0;0;Matches
314;Nicolás Lara;COL;DF,MF;Águilas Doradas;23-220;2003;6.8;1;3;2;66.7;0.44;0.29;0.33;0.50;0;0;Matches
315;Jhon Largacha;COL;FW,MF;Pereira;25-252;2001;16.6;2;28;14;50.0;1.69;0.84;0.07;0.14;0;1;Matches
316;Enzo Larrosa;URU;FW;Ind. Medellín;25-163;2001;6.8;1;16;5;31.3;2.36;0.74;0.06;0.20;0;0;Matches
317;Jhildrey Lasso;COL;DF,MF;Alianza Petrolera;24-079;2002;21.7;1;21;5;23.8;0.97;0.23;0.05;0.20;0;0;Matches
318;Kahiser Lenis;PAN;MF;Jaguares;26-070;2000;4.5;0;7;4;57.1;1.56;0.89;0.00;0.00;0;0;Matches
319;Leonai;BRA;MF;Millonarios;31-156;1995;2.7;0;2;0;0.0;0.74;0.00;0.00;;0;0;Matches
320;Franco Leys;ARG;MF;Deportivo Pasto;32-348;1993;4.9;0;0;0;;0.00;0.00;;;0;0;Matches
321;Andrés Llinás;COL;DF;Millonarios;29-190;1997;21.7;3;17;9;52.9;0.78;0.41;0.18;0.33;0;0;Matches
322;Juan Loaiza;COL;GK;Llaneros;24-042;2002;4.5;0;0;0;;0.00;0.00;;;0;0;Matches
323;Halam Loboa;COL;MF;Ind. Medellín;20-147;2006;13.8;0;7;1;14.3;0.51;0.07;0.00;0.00;0;0;Matches
324;Carlos Londoño;COL;MF;Águilas Doradas;19-264;2007;0.1;0;0;0;;0.00;0.00;;;0;0;Matches
325;Daniel Londoño;COL;DF;Ind. Medellín;31-273;1995;9.8;1;4;2;50.0;0.41;0.20;0.25;0.50;0;0;Matches
326;Daniel Londoño;COL;DF;Once Caldas;31-273;1995;10.5;0;10;3;30.0;0.95;0.29;0.00;0.00;0;0;Matches
327;Kevin Londoño;COL;MF;Cúcuta;26-084;2000;13.2;0;3;1;33.3;0.23;0.08;0.00;0.00;0;0;Matches
328;Kevin Londoño;COL;MF;Bucaramanga;32-312;1993;14.6;2;28;9;32.1;1.92;0.62;0.07;0.22;0;0;Matches
329;Yeiner Londoño;COL;MF,FW;Alianza Petrolera;25-325;2000;8.7;2;15;5;33.3;1.73;0.58;0.13;0.40;0;0;Matches
330;Hernán Lopes;ARG;DF;Águilas Doradas;35-187;1991;13.2;0;2;1;50.0;0.15;0.08;0.00;0.00;0;0;Matches
331;Hernán Lopes;ARG;DF;Cúcuta;35-187;1991;2.5;0;1;0;0.0;0.40;0.00;0.00;;0;0;Matches
332;Darwin López;COL;MF;Jaguares;34-233;1992;8.7;5;30;10;33.3;3.45;1.15;0.17;0.50;0;0;Matches
333;Edwar López;COL;MF,DF;Deportes Tolima;31-206;1995;19.1;0;18;5;27.8;0.94;0.26;0.00;0.00;0;0;Matches
334;Jonathan Lovera;COL;DF;Jaguares;21-178;2005;6.9;0;1;0;0.0;0.15;0.00;0.00;;0;0;Matches
335;Maximiliano Lovera;ARG;MF,FW;Santa Fe;27-206;1999;8.5;0;12;4;33.3;1.42;0.47;0.00;0.00;0;0;Matches
336;Dylan Lozano;COL;DF,MF;Águilas Doradas;24-078;2002;16.8;0;7;1;14.3;0.42;0.06;0.00;0.00;0;0;Matches
337;Frank Lozano;COL;MF;Águilas Doradas;33-040;1993;29.0;3;24;10;41.7;0.83;0.35;0.13;0.30;0;0;Matches
338;Matias Lozano;COL;MF;Atlético Nacional;18-100;2008;0.9;1;2;1;50.0;2.22;1.11;0.50;1.00;0;0;Matches
339;Lucho;COL;DF;Águilas Doradas;23-271;2003;0.1;0;0;0;;0.00;0.00;;;0;0;Matches
340;Carlos Lucumi;COL;FW;Ind. Medellín;26-211;2000;3.2;0;9;3;33.3;2.81;0.94;0.00;0.00;0;0;Matches
341;Carlos Lucumi;COL;FW;Alianza Petrolera;26-211;2000;11.9;1;17;5;29.4;1.42;0.42;0.06;0.20;1;1;Matches
342;Jan Lucumí González;COL;MF,FW;América Cali;22-232;2004;14.1;0;21;10;47.6;1.48;0.71;0.00;0.00;0;0;Matches
343;David Macalister Silva;COL;MF;Millonarios;39-292;1986;11.6;2;20;9;45.0;1.72;0.78;0.10;0.22;0;0;Matches
344;Darwin Machís;VEN;MF;América Cali;33-236;1993;7.0;0;36;6;16.7;5.18;0.86;0.00;0.00;0;0;Matches
345;Christian Mafla;COL;DF;Santa Fe;33-259;1993;21.4;2;13;8;61.5;0.61;0.37;0.15;0.25;0;0;Matches
346;Jerson Malagón;COL;DF;Jaguares;33-097;1993;6.2;1;1;1;100.0;0.16;0.16;1.00;1.00;0;0;Matches
347;Gerónimo Mancilla;COL;FW;Ind. Medellín;17-276;2008;2.5;1;5;2;40.0;1.98;0.79;0.20;0.50;0;0;Matches
348;Harrinson Mancilla;COL;MF;Deportivo Pasto;34-283;1991;11.9;0;10;2;20.0;0.84;0.17;0.00;0.00;0;0;Matches
349;Rubén Manjarrés;COL;MF;La Equidad;26-225;2000;7.9;0;13;6;46.2;1.65;0.76;0.00;0.00;0;0;Matches
350;Daniel Mantilla;COL;MF;Llaneros;29-280;1996;4.9;1;6;3;50.0;1.22;0.61;0.17;0.33;0;0;Matches
351;Kevin Mantilla;COL;DF;Ind. Medellín;23-132;2003;16.7;0;12;2;16.7;0.72;0.12;0.00;0.00;0;0;Matches
352;Luis Manuel Orejuela;COL;DF;Deportivo Cali;31-042;1995;3.4;0;3;0;0.0;0.89;0.00;0.00;;0;0;Matches
353;Juan Manuel Rengifo;COL;MF;Atlético Nacional;21-182;2005;22.3;7;58;25;43.1;2.60;1.12;0.12;0.28;0;0;Matches
354;Alexis Manyoma;COL;MF;Deportivo Cali;23-271;2003;1.4;0;2;1;50.0;1.43;0.71;0.00;0.00;0;0;Matches
355;Jader Manyoma;COL;MF;Cúcuta;22-163;2004;1.8;0;0;0;;0.00;0.00;;;0;0;Matches
356;Cristián Marcelo Álvarez;ARG;MF,FW;Jaguares;34-003;1992;14.3;3;27;11;40.7;1.89;0.77;0.11;0.27;0;0;Matches
357;Luis Marimón;COL;FW,MF;Llaneros;22-197;2004;3.5;0;0;0;;0.00;0.00;;;0;0;Matches
358;Andrés Marín;;MF;Atlético Nacional;;;3.7;0;0;0;;0.00;0.00;;;0;0;Matches
359;Daniel Marmolejo;COL;MF;Once Caldas;22-223;2004;0.5;0;0;0;;0.00;0.00;;;0;0;Matches
360;Ricardo Márquez;COL;FW;Águilas Doradas;28-326;1997;2.7;3;11;5;45.5;4.02;1.83;0.27;0.60;3;3;Matches
361;Luis Marquines;COL;GK;Deportes Tolima;23-174;2003;7.0;0;0;0;;0.00;0.00;;;0;0;Matches
362;Luis Marquines;COL;GK;Atlético Nacional;23-174;2003;1.0;0;0;0;;0.00;0.00;;;0;0;Matches
363;Agustín Martegani;ARG;MF,FW;Ind. Medellín;26-134;2000;8.6;1;18;4;22.2;2.08;0.46;0.06;0.25;0;0;Matches
364;Samuel Martín;;DF;Millonarios;;;6.0;0;4;2;50.0;0.67;0.33;0.00;0.00;0;0;Matches
365;Edwin Martínez;COL;DF;Jaguares;22-196;2004;4.2;0;0;0;;0.00;0.00;;;0;0;Matches
366;Frank Martínez;;;Deportivo Pasto;;;0.5;0;1;0;0.0;2.00;0.00;0.00;;0;0;Matches
367;Homer Martínez;COL;MF;Deportes Tolima;28-360;1997;9.1;0;12;5;41.7;1.33;0.55;0.00;0.00;0;0;Matches
368;Jefferson Martinez;COL;GK;Junior;33-046;1993;6.0;0;0;0;;0.00;0.00;;;0;0;Matches
369;Jhon Martínez;COL;DF;Fortaleza FC;20-346;2005;3.2;0;5;1;20.0;1.57;0.31;0.00;0.00;0;0;Matches
370;Johan Martínez;COL;MF,FW;Deportivo Cali;24-200;2002;21.2;4;59;29;49.2;2.79;1.37;0.07;0.14;0;0;Matches
371;Jorge Martínez;COL;GK;Pereira;19-273;2007;14.3;0;0;0;;0.00;0.00;;;0;0;Matches
372;Michael Martínez;COL;MF,DF;Deportes Tolima;20-199;2006;1.8;0;3;0;0.0;1.63;0.00;0.00;;0;0;Matches
373;Misael Martínez;COL;FW;Alianza Petrolera;28-190;1998;5.6;2;13;6;46.2;2.31;1.07;0.15;0.33;0;0;Matches
374;Santiago Martínez;COL;MF;Deportivo Cali;20-178;2006;0.0;0;0;0;;0.00;0.00;;;0;0;Matches
375;Yaliston Martínez;COL;DF,MF;Boyacá Chicó;26-151;2000;3.4;0;2;1;50.0;0.60;0.30;0.00;0.00;0;0;Matches
376;Jonathan Marulanda;COL;DF;Fortaleza FC;30-314;1995;4.7;0;1;0;0.0;0.21;0.00;0.00;;0;0;Matches
377;Alejandro Maya;COL;FW;Boyacá Chicó;22-330;2003;3.2;2;4;2;50.0;1.24;0.62;0.50;1.00;0;0;Matches
378;Samir Mayo;COL;MF;La Equidad;23-244;2003;1.7;0;2;0;0.0;1.15;0.00;0.00;;0;0;Matches
379;Samir Mayo;COL;MF;Cúcuta;23-244;2003;1.5;0;2;0;0.0;1.35;0.00;0.00;;0;0;Matches
380;Jáder Maza;COL;MF,DF;Jaguares;31-331;1994;12.8;1;12;3;25.0;0.94;0.23;0.08;0.33;0;0;Matches
381;Gleyfer Medina;;FW;Bucaramanga;;;0.8;0;3;0;0.0;3.97;0.00;0.00;;0;0;Matches
382;Jeferson Medina;COL;DF;Fortaleza FC;20-273;2006;4.7;0;2;0;0.0;0.42;0.00;0.00;;0;0;Matches
383;Jeison Medina;COL;FW;Ind. Medellín;31-216;1995;7.4;3;13;8;61.5;1.75;1.08;0.23;0.38;0;0;Matches
384;Jimmy Medranda;COL;DF;Llaneros;32-236;1994;13.6;0;12;4;33.3;0.88;0.29;0.00;0.00;0;0;Matches
385;Brandón Mejía;COL;MF;Fortaleza FC;20-271;2006;1.1;0;1;0;0.0;0.93;0.00;0.00;;0;0;Matches
386;Johar Mejia;COL;FW,MF;Jaguares;26-264;2000;11.1;0;17;5;29.4;1.53;0.45;0.00;0.00;0;0;Matches
387;Robert Mejía;COL;MF;Once Caldas;25-360;2000;12.3;0;11;1;9.1;0.90;0.08;0.00;0.00;0;0;Matches
388;Víctor Mejía;COL;MF,DF;Cúcuta;33-239;1993;21.6;0;6;1;16.7;0.28;0.05;0.00;0.00;0;0;Matches
389;John Meléndez;COL;DF,MF;Águilas Doradas;24-263;2002;6.5;0;7;2;28.6;1.07;0.31;0.00;0.00;0;0;Matches
390;Esneyder Mena;COL;MF,DF;Ind. Medellín;28-332;1997;21.9;0;19;7;36.8;0.87;0.32;0.00;0.00;0;0;Matches
391;Howell Mena;COL;DF;Llaneros;25-165;2001;14.2;0;9;3;33.3;0.64;0.21;0.00;0.00;0;0;Matches
392;Javier Mena;COL;FW;Deportivo Cali;21-013;2005;0.3;0;3;0;0.0;10.80;0.00;0.00;;0;0;Matches
393;Javier Mena;COL;FW;Pereira;21-013;2005;0.2;0;1;1;100.0;6.00;6.00;0.00;0.00;0;0;Matches
394;Javier Mena;COL;DF,MF;Águilas Doradas;21-302;2004;26.9;2;19;8;42.1;0.71;0.30;0.11;0.25;0;0;Matches
395;Jefferson Mena;COL;DF;Bucaramanga;37-108;1989;14.5;0;6;2;33.3;0.41;0.14;0.00;0.00;0;0;Matches
396;Jefferson Mena;COL;DF;Boyacá Chicó;37-108;1989;10.0;0;2;0;0.0;0.20;0.00;0.00;;0;0;Matches
397;Jeison Mena;COL;MF;Boyacá Chicó;24-015;2002;6.8;0;17;6;35.3;2.49;0.88;0.00;0.00;0;0;Matches
398;Jhan Mena;COL;DF;Ind. Medellín;20-199;2006;6.2;1;6;3;50.0;0.97;0.49;0.17;0.33;0;0;Matches
399;Yorleys Mena;COL;FW;Llaneros;35-073;1991;7.2;2;18;8;44.4;2.49;1.11;0.11;0.25;0;0;Matches
400;John Méndez;COL;FW;Deportivo Pasto;22-027;2004;0.4;0;0;0;;0.00;0.00;;;0;0;Matches
401;Diego Mendoza;COL;MF;Pereira;25-264;2001;0.1;0;1;1;100.0;7.50;7.50;0.00;0.00;0;0;Matches
402;Juan Mera;COL;DF;Deportes Tolima;24-203;2002;11.6;0;1;0;0.0;0.09;0.00;0.00;;0;0;Matches
403;Santiago Mera;COL;MF,FW;Boyacá Chicó;25-074;2001;13.6;3;25;9;36.0;1.84;0.66;0.12;0.33;0;0;Matches
404;Ever Meza;COL;MF;Alianza Petrolera;26-072;2000;6.0;1;7;3;42.9;1.16;0.50;0.14;0.33;0;0;Matches
405;Francisco Meza;COL;DF;Llaneros;35-033;1991;28.1;2;11;4;36.4;0.39;0.14;0.18;0.50;0;0;Matches
406;Joider Micolta;COL;MF,FW;Deportivo Pasto;24-080;2002;11.5;1;27;9;33.3;2.34;0.78;0.04;0.11;0;0;Matches
407;David Mina;COL;DF;América Cali;27-172;1999;5.8;1;4;1;25.0;0.69;0.17;0.25;1.00;0;0;Matches
408;Luis Mina;COL;DF;América Cali;21-292;2004;4.5;0;2;1;50.0;0.44;0.22;0.00;0.00;0;0;Matches
409;Luis Miranda;COL;MF;Llaneros;29-035;1997;16.1;2;25;12;48.0;1.55;0.75;0.08;0.17;0;0;Matches
410;Jairo Molina;COL;FW;Boyacá Chicó;33-156;1993;16.0;4;38;14;36.8;2.38;0.88;0.11;0.29;0;1;Matches
411;Dereck Moncada;HON;MF,FW;La Equidad;18-305;2007;10.9;5;27;8;29.6;2.47;0.73;0.19;0.63;0;0;Matches
412;Jordy Monroy;ARM;MF,DF;Pereira;30-271;1996;21.1;4;18;8;44.4;0.85;0.38;0.22;0.50;0;0;Matches
413;Brayan Montaño;COL;DF;Cúcuta;24-152;2002;16.7;1;4;2;50.0;0.24;0.12;0.25;0.50;0;0;Matches
414;Ítalo Montaño;COL;MF;Fortaleza FC;27-125;1999;2.9;0;7;3;42.9;2.40;1.03;0.00;0.00;0;0;Matches
415;Ítalo Montaño;COL;MF,FW;Boyacá Chicó;27-125;1999;8.9;3;25;9;36.0;2.82;1.01;0.12;0.33;0;0;Matches
416;Jhon Montoya;;MF;Pereira;;;2.6;0;2;1;50.0;0.78;0.39;0.00;0.00;0;0;Matches
417;Juan Montoya;COL;MF;Deportivo Cali;21-005;2005;2.3;0;3;1;33.3;1.29;0.43;0.00;0.00;0;0;Matches
418;Juan Montoya;COL;GK;América Cali;27-351;1998;2.5;0;0;0;;0.00;0.00;;;0;0;Matches
419;Lucas Monzón;URU;DF;Junior;25-002;2001;11.1;1;1;1;100.0;0.09;0.09;1.00;1.00;0;0;Matches
420;Juan Morales;;;Pereira;;;0.4;0;0;0;;0.00;0.00;;;0;0;Matches
421;Alejandro Moralez;COL;DF;Llaneros;25-165;2001;15.3;0;4;2;50.0;0.26;0.13;0.00;0.00;0;0;Matches
422;Wilson Morelo;COL;FW;Deportivo Pasto;39-133;1987;6.8;1;13;4;30.8;1.91;0.59;0.08;0.25;0;0;Matches
423;Alfredo Morelos;COL;FW;Atlético Nacional;30-102;1996;23.6;14;82;34;41.5;3.48;1.44;0.17;0.41;2;5;Matches
424;Alex Moreno;COL;DF;Millonarios;24-249;2002;2.2;0;0;0;;0.00;0.00;;;0;0;Matches
425;Dayro Moreno;COL;FW;Once Caldas;41-015;1985;24.8;15;76;40;52.6;3.07;1.61;0.20;0.38;4;5;Matches
426;Didier Moreno;COL;MF;Ind. Medellín;35-016;1991;17.8;1;18;4;22.2;1.01;0.22;0.06;0.25;0;0;Matches
427;Diego Moreno;COL;MF,FW;Ind. Medellín;30-216;1996;7.0;3;30;14;46.7;4.26;1.99;0.10;0.21;0;0;Matches
428;Eber Moreno;COL;DF;Pereira;24-263;2002;15.2;0;2;0;0.0;0.13;0.00;0.00;;0;0;Matches
429;Ederson Moreno;COL;MF;Pereira;32-256;1994;7.6;0;6;1;16.7;0.79;0.13;0.00;0.00;0;0;Matches
430;Heiler Moreno;;;Deportivo Pasto;;;0.9;0;1;0;0.0;1.08;0.00;0.00;;0;0;Matches
431;Kevin Moreno;COL;DF;Alianza Petrolera;26-070;2000;6.4;0;2;0;0.0;0.31;0.00;0.00;;0;0;Matches
432;Luis Moreno;;MF,FW;Pereira;;;4.9;0;1;0;0.0;0.21;0.00;0.00;;0;0;Matches
433;Marlos Moreno;COL;MF;Atlético Nacional;30-011;1996;14.9;7;36;17;47.2;2.42;1.14;0.19;0.41;0;0;Matches
434;Víctor Moreno;COL;DF;Santa Fe;31-343;1994;24.0;1;12;4;33.3;0.50;0.17;0.08;0.25;0;0;Matches
435;Yairo Moreno;COL;MF,DF;Jaguares;31-180;1995;9.0;3;12;5;41.7;1.33;0.55;0.25;0.60;3;3;Matches
436;Yoimar Moreno;COL;MF,FW;Deportes Tolima;18-339;2007;4.3;1;12;3;25.0;2.80;0.70;0.08;0.33;0;0;Matches
437;Andrés Mosquera;COL;DF;América Cali;36-223;1990;12.8;0;2;0;0.0;0.16;0.00;0.00;;0;0;Matches
438;Andrés Mosquera;COL;DF;Águilas Doradas;36-223;1990;10.0;1;4;1;25.0;0.40;0.10;0.25;1.00;0;0;Matches
439;Andrés Mosquera;COL;GK;Santa Fe;35-021;1991;27.0;0;0;0;;0.00;0.00;;;0;0;Matches
440;Cristián Mosquera;COL;DF;Boyacá Chicó;25-299;2000;7.9;0;0;0;;0.00;0.00;;;0;0;Matches
441;Edwin Mosquera;COL;MF;Santa Fe;25-096;2001;7.2;1;17;8;47.1;2.36;1.11;0.06;0.13;0;0;Matches
442;Fabián Mosquera;COL;MF;Jaguares;31-212;1995;10.9;0;7;1;14.3;0.64;0.09;0.00;0.00;0;0;Matches
443;Felipe Mosquera;COL;MF;Pereira;24-118;2002;5.0;0;10;3;30.0;2.01;0.60;0.00;0.00;0;0;Matches
444;Franklin Mosquera;COL;GK;Jaguares;27-179;1999;16.0;0;1;0;0.0;0.06;0.00;0.00;;0;0;Matches
445;Jherson Mosquera;COL;DF;Deportes Tolima;27-013;1999;10.7;0;6;1;16.7;0.56;0.09;0.00;0.00;0;0;Matches
446;Joseb Mosquera;;;Alianza Petrolera;;;0.5;0;1;0;0.0;2.14;0.00;0.00;;0;0;Matches
447;Josseph Mosquera;;;Pereira;;;0.1;0;0;0;;0.00;0.00;;;0;0;Matches
448;Sergio Mosquera;COL;DF;Millonarios;32-234;1994;18.8;0;8;1;12.5;0.43;0.05;0.00;0.00;0;0;Matches
449;José Moya;COL;DF;Deportivo Cali;34-055;1992;0.7;0;0;0;;0.00;0.00;;;0;0;Matches
450;José Munive;COL;DF;Junior;19-237;2007;0.1;0;0;0;;0.00;0.00;;;0;0;Matches
451;Jesús Muñoz;COL;MF,FW;Alianza Petrolera;24-256;2002;20.8;3;32;9;28.1;1.54;0.43;0.09;0.33;0;0;Matches
452;Luis Muriel;COL;FW,MF;Junior;35-168;1991;18.9;15;81;35;43.2;4.28;1.85;0.19;0.43;5;6;Matches
453;Adrián Murillo;;FW;Bucaramanga;;;0.6;0;0;0;;0.00;0.00;;;0;0;Matches
454;Anderson Murillo;COL;DF;Ind. Medellín;17-169;2009;0.0;0;0;0;;0.00;0.00;;;0;0;Matches
455;Ewil Murillo;COL;MF;Santa Fe;26-102;2000;5.5;0;8;2;25.0;1.45;0.36;0.00;0.00;0;0;Matches
456;Jhon Murillo;VEN;MF;América Cali;30-314;1995;7.5;2;11;5;45.5;1.46;0.66;0.18;0.40;0;0;Matches
457;Efraín Navarro;COL;DF;Once Caldas;27-050;1999;1.0;0;2;1;50.0;1.94;0.97;0.00;0.00;0;0;Matches
458;Sander Navarro;COL;DF;Boyacá Chicó;23-071;2003;3.6;0;1;0;0.0;0.28;0.00;0.00;;0;0;Matches
459;Sebastián Navarro;COL;MF;Fortaleza FC;26-078;2000;18.9;2;25;9;36.0;1.32;0.48;0.08;0.22;0;0;Matches
460;Jhon Navia;COL;DF;Junior;23-066;2003;3.4;0;1;1;100.0;0.30;0.30;0.00;0.00;0;0;Matches
461;Juan Nieto;COL;MF;Deportes Tolima;33-218;1993;6.8;0;6;1;16.7;0.88;0.15;0.00;0.00;0;0;Matches
462;Juan Nieto;COL;MF;Once Caldas;33-218;1993;1.3;0;1;0;0.0;0.76;0.00;0.00;;0;0;Matches
463;Samuel Nieto;COL;FW;Alianza Petrolera;20-188;2006;0.1;0;0;0;;0.00;0.00;;;0;0;Matches
464;Junior Noguera;PAR;MF;Águilas Doradas;24-146;2002;4.4;0;9;3;33.3;2.06;0.69;0.00;0.00;0;0;Matches
465;Diego Novoa;COL;GK;Millonarios;37-123;1989;15.0;0;0;0;;0.00;0.00;;;0;0;Matches
466;Diego Novoa;COL;GK;Bucaramanga;37-123;1989;1.0;0;0;0;;0.00;0.00;;;0;0;Matches
467;Jorge Obregón;COL;FW;Deportivo Pasto;29-186;1997;4.6;1;13;2;15.4;2.80;0.43;0.08;0.50;0;0;Matches
468;Jorge Obregón;COL;FW;Águilas Doradas;29-186;1997;8.9;1;21;8;38.1;2.36;0.90;0.05;0.13;0;0;Matches
469;Jáder Obrian;COL;MF;Santa Fe;31-136;1995;8.6;1;8;3;37.5;0.93;0.35;0.13;0.33;0;0;Matches
470;Leison Ochoa;COL;DF;Cúcuta;20-206;2006;5.5;0;0;0;;0.00;0.00;;;0;0;Matches
471;Emanuel Olivera;ARG;DF;Santa Fe;36-182;1990;27.7;2;22;6;27.3;0.79;0.22;0.09;0.33;0;0;Matches
472;John Ontaneda;ECU;DF;Águilas Doradas;30-121;1996;10.0;0;1;0;0.0;0.10;0.00;0.00;;0;0;Matches
473;Carlos Ordóñez;COL;DF;Jaguares;24-107;2002;8.4;0;9;1;11.1;1.07;0.12;0.00;0.00;0;0;Matches
474;Cristian Orozco;COL;MF;Fortaleza FC;18-080;2008;1.4;0;2;0;0.0;1.40;0.00;0.00;;0;0;Matches
475;Matías Orozco;COL;MF;Deportivo Cali;18-304;2007;10.9;1;19;4;21.1;1.74;0.37;0.05;0.25;0;0;Matches
476;Santiago Orozco;COL;MF;Cúcuta;30-199;1996;6.1;0;8;2;25.0;1.32;0.33;0.00;0.00;0;0;Matches
477;Miguel Ortega;MEX;GK;Deportes Tolima;31-171;1995;4.0;0;0;0;;0.00;0.00;;;0;0;Matches
478;Miguel Ortega;MEX;GK;Llaneros;31-171;1995;14.5;0;0;0;;0.00;0.00;;;0;0;Matches
479;Danilo Ortiz;PAR;DF;Pereira;34-065;1992;14.7;1;6;3;50.0;0.41;0.20;0.17;0.33;0;0;Matches
480;José Ortiz;COL;DF;Ind. Medellín;27-319;1998;14.0;3;9;5;55.6;0.64;0.36;0.33;0.60;0;0;Matches
481;José Ortiz;COL;DF;Bucaramanga;27-319;1998;10.0;0;4;0;0.0;0.40;0.00;0.00;;0;0;Matches
482;Pablo Ortiz;COL;DF;Junior;26-115;2000;4.3;0;1;0;0.0;0.23;0.00;0.00;;0;0;Matches
483;Derik Osede;ESP;DF;Deportivo Pasto;33-222;1993;3.1;0;1;0;0.0;0.32;0.00;0.00;;0;0;Matches
484;Jeison Osorio;COL;FW;Alianza Petrolera;19-275;2006;1.5;0;3;1;33.3;1.94;0.65;0.00;0.00;0;0;Matches
485;Kelvin Osorio;COL;MF;Llaneros;32-337;1993;17.2;0;20;4;20.0;1.17;0.23;0.00;0.00;0;1;Matches
486;Yordan Osorio;VEN;DF;Deportes Tolima;32-144;1994;4.5;0;4;1;25.0;0.89;0.22;0.00;0.00;0;0;Matches
487;David Ospina;COL;GK;Atlético Nacional;38-031;1988;12.0;0;0;0;;0.00;0.00;;;0;0;Matches
488;Néider Ospina;COL;MF,FW;Llaneros;23-247;2003;17.1;6;44;18;40.9;2.57;1.05;0.14;0.33;0;0;Matches
489;Walmer Pacheco;COL;DF,MF;Pereira;31-258;1995;21.1;1;11;4;36.4;0.52;0.19;0.09;0.25;0;0;Matches
490;Guillermo Paiva;PAR;FW;Junior;29-045;1997;17.2;5;53;18;34.0;3.09;1.05;0.09;0.28;1;1;Matches
491;Ronaldo Pájaro;COL;MF;Deportivo Cali;24-225;2002;13.3;0;11;4;36.4;0.83;0.30;0.00;0.00;0;0;Matches
492;Hayen Palacios;COL;DF,MF;Ind. Medellín;27-022;1999;10.5;2;21;8;38.1;2.00;0.76;0.10;0.25;0;0;Matches
493;Helibelton Palacios;COL;DF;Santa Fe;33-112;1993;25.3;1;8;2;25.0;0.32;0.08;0.13;0.50;0;0;Matches
494;Jhon Palacios;COL;MF;América Cali;21-060;2005;14.5;2;30;11;36.7;2.06;0.76;0.07;0.18;0;0;Matches
495;Junior Palacios;COL;MF;Boyacá Chicó;30-067;1996;0.5;0;0;0;;0.00;0.00;;;0;0;Matches
496;Leyner Palacios;COL;DF;Alianza Petrolera;22-298;2003;1.8;0;3;1;33.3;1.65;0.55;0.00;0.00;0;0;Matches
497;Luis Palacios;COL;MF;Santa Fe;25-174;2001;20.9;2;33;14;42.4;1.58;0.67;0.06;0.14;0;0;Matches
498;Luis Palacios;COL;FW;Pereira;22-097;2004;0.8;0;0;0;;0.00;0.00;;;0;0;Matches
499;Málcom Palacios;COL;DF;Ind. Medellín;22-235;2004;3.0;0;1;0;0.0;0.33;0.00;0.00;;0;0;Matches
500;Martín Palacios;;;Santa Fe;;;0.2;0;1;0;0.0;5.63;0.00;0.00;;0;0;Matches
501;Sebastian Palacios;COL;MF;Fortaleza FC;21-176;2005;0.2;0;0;0;;0.00;0.00;;;0;0;Matches
502;Juan Palma;COL;DF;Boyacá Chicó;27-075;1999;19.4;0;11;1;9.1;0.57;0.05;0.00;0.00;0;0;Matches
503;Emilio Pardo;COL;DF;Llaneros;20-200;2006;0.0;0;1;0;0.0;90.00;0.00;0.00;;0;0;Matches
504;Felipe Pardo;COL;MF;Alianza Petrolera;36-045;1990;17.5;4;26;13;50.0;1.49;0.74;0.15;0.31;3;3;Matches
505;Adrián Parra;COL;FW,MF;Deportes Tolima;29-258;1997;22.9;6;39;17;43.6;1.71;0.74;0.15;0.35;0;0;Matches
506;Joan Parra;COL;GK;Once Caldas;26-113;2000;31.0;0;0;0;;0.00;0.00;;;0;0;Matches
507;Kevin Parra;COL;FW;Atlético Nacional;23-221;2003;1.2;0;7;2;28.6;5.68;1.62;0.00;0.00;0;0;Matches
508;Kevin Parra;COL;MF,FW;La Equidad;23-221;2003;17.2;3;41;19;46.3;2.39;1.11;0.07;0.16;0;0;Matches
509;Néider Parra;COL;DF;Atlético Nacional;21-154;2005;10.2;0;8;1;12.5;0.78;0.10;0.00;0.00;0;0;Matches
510;Yimar Parra;COL;FW;Deportes Tolima;19-253;2007;0.6;0;2;0;0.0;3.27;0.00;0.00;;0;0;Matches
511;Juan Patiño;COL;DF;Once Caldas;28-021;1998;5.9;0;6;2;33.3;1.01;0.34;0.00;0.00;0;0;Matches
512;Matías Patiño;COL;FW;Pereira;19-156;2007;0.0;0;0;0;;0.00;0.00;;;0;0;Matches
513;Daniel Pedrozo;COL;DF;Deportes Tolima;22-196;2004;6.0;0;5;0;0.0;0.83;0.00;0.00;;0;0;Matches
514;Jermein Peña;COL;DF;Junior;26-350;1999;24.4;2;36;8;22.2;1.48;0.33;0.06;0.25;0;0;Matches
515;Jaime Peralta;COL;FW;Cúcuta;21-243;2005;15.2;9;50;16;32.0;3.28;1.05;0.18;0.56;1;2;Matches
516;Dayan Pérez;COL;FW;Cúcuta;18-102;2008;1.9;0;4;1;25.0;2.13;0.53;0.00;0.00;0;0;Matches
517;Eudy Perez;;;Alianza Petrolera;;;0.1;0;0;0;;0.00;0.00;;;0;0;Matches
518;Josy Pérez;COL;MF,FW;Alianza Petrolera;27-001;1999;6.0;0;7;2;28.6;1.16;0.33;0.00;0.00;0;0;Matches
519;Kevin Pérez;COL;MF,FW;Junior;29-075;1997;6.2;0;8;5;62.5;1.28;0.80;0.00;0.00;0;0;Matches
520;Kevin Pérez;;FW;Atlético Nacional;;;0.1;0;0;0;;0.00;0.00;;;0;0;Matches
521;Marco Pérez;COL;FW;Pereira;36-013;1990;11.6;4;20;13;65.0;1.72;1.12;0.20;0.31;2;2;Matches
522;Baldomero Perlaza;COL;MF;Ind. Medellín;34-121;1992;9.1;1;7;2;28.6;0.77;0.22;0.14;0.50;0;0;Matches
523;Jonathan Perlaza;COL;MF,FW;Deportivo Pasto;25-177;2001;14.4;2;17;4;23.5;1.18;0.28;0.12;0.50;0;0;Matches
524;Yeicar Perlaza;COL;MF;Santa Fe;23-250;2003;5.8;0;10;4;40.0;1.73;0.69;0.00;0.00;0;0;Matches
525;Yeicar Perlaza;COL;DF,MF;Atlético Nacional;23-250;2003;3.0;0;6;3;50.0;1.98;0.99;0.00;0.00;0;0;Matches
526;Miguel Pernía;VEN;DF;Fortaleza FC;25-334;2000;5.0;0;5;0;0.0;0.99;0.00;0.00;;0;0;Matches
527;Miguel Pernía;VEN;DF,MF;La Equidad;25-334;2000;4.4;0;4;0;0.0;0.91;0.00;0.00;;0;0;Matches
528;Juan Pertuz;COL;DF;Llaneros;22-027;2004;13.6;0;7;2;28.6;0.51;0.15;0.00;0.00;0;0;Matches
529;Jean Pestaña;COL;DF;Junior;29-037;1997;14.3;1;6;1;16.7;0.42;0.07;0.17;1.00;0;0;Matches
530;Leonardo Pico;COL;MF;Fortaleza FC;34-362;1991;29.1;0;6;0;0.0;0.21;0.00;0.00;;0;0;Matches
531;Luis Piedrahita;COL;DF;Ind. Medellín;19-133;2007;0.6;0;0;0;;0.00;0.00;;;0;0;Matches
532;Jacobo Pimentel;COL;MF,FW;Boyacá Chicó;24-261;2002;6.3;1;6;2;33.3;0.95;0.32;0.17;0.50;0;0;Matches
533;Jeronimo Pimentel;COL;;Boyacá Chicó;18-005;2008;0.0;0;0;0;;0.00;0.00;;;0;0;Matches
534;Jaen Pineda;COL;MF;Águilas Doradas;29-014;1997;9.4;0;14;4;28.6;1.48;0.42;0.00;0.00;0;0;Matches
535;Matías Pisano;ARG;MF,FW;Deportivo Pasto;34-292;1991;16.7;0;30;5;16.7;1.80;0.30;0.00;0.00;0;0;Matches
536;Anderson Plata;COL;MF;Pereira;35-327;1990;2.3;0;5;1;20.0;2.16;0.43;0.00;0.00;0;0;Matches
537;Daniel Polanco;COL;DF;Boyacá Chicó;27-319;1998;2.4;0;1;0;0.0;0.41;0.00;0.00;;0;0;Matches
538;Luciano Pons;ARG;FW;Bucaramanga;36-166;1990;25.2;11;57;24;42.1;2.26;0.95;0.19;0.46;0;1;Matches
539;Cristhian Portocarrero;COL;MF;Santa Fe;18-360;2007;0.0;0;0;0;;0.00;0.00;;;0;0;Matches
540;Ian Poveda;ENG;MF;La Equidad;26-234;2000;3.7;3;17;7;41.2;4.58;1.89;0.18;0.43;0;0;Matches
541;Ian Poveda;ENG;FW,MF;Atlético Nacional;26-234;2000;4.2;2;8;3;37.5;1.92;0.72;0.25;0.67;0;0;Matches
542;Patrick Preciado;COL;FW;Deportivo Pasto;21-174;2005;2.0;2;5;3;60.0;2.54;1.53;0.40;0.67;0;0;Matches
543;Mateo Puerta;COL;DF;Santa Fe;29-111;1997;6.2;0;2;1;50.0;0.32;0.16;0.00;0.00;0;0;Matches
544;Franco Pulicastro;ARG;FW;Fortaleza FC;27-008;1999;3.8;0;9;3;33.3;2.36;0.79;0.00;0.00;0;0;Matches
545;Juan Quiceno;COL;DF,MF;Boyacá Chicó;22-032;2004;19.6;0;13;5;38.5;0.66;0.25;0.00;0.00;0;0;Matches
546;Daniel Quiñones;COL;DF;Llaneros;27-177;1999;0.7;0;0;0;;0.00;0.00;;;0;0;Matches
547;Jader Quiñónes;COL;MF;Once Caldas;25-293;2000;15.1;0;11;3;27.3;0.73;0.20;0.00;0.00;0;0;Matches
548;Jhon Quiñónes;COL;DF;Cúcuta;22-168;2004;17.4;1;2;1;50.0;0.12;0.06;0.50;1.00;0;0;Matches
549;Sebastián Quiñones;;;Alianza Petrolera;;;0.3;0;0;0;;0.00;0.00;;;0;0;Matches
550;Yuber Quiñones;COL;MF,FW;Pereira;23-358;2002;16.2;5;39;14;35.9;2.41;0.86;0.13;0.36;1;1;Matches
551;Dannovi Quiñonez;COL;MF;La Equidad;25-269;2001;20.3;0;17;2;11.8;0.84;0.10;0.00;0.00;0;0;Matches
552;Deiner Quiñónez;COL;MF;Once Caldas;31-046;1995;2.9;1;8;5;62.5;2.74;1.71;0.13;0.20;0;0;Matches
553;Deiner Quiñónez;COL;MF;Alianza Petrolera;31-046;1995;6.5;1;5;3;60.0;0.77;0.46;0.20;0.33;0;0;Matches
554;Ederson Quiñónez;COL;GK;Deportivo Pasto;26-089;2000;7.2;0;0;0;;0.00;0.00;;;0;0;Matches
555;Aldair Quintana;COL;GK;Bucaramanga;32-082;1994;9.0;0;0;0;;0.00;0.00;;;0;0;Matches
556;Darwin Quintero;COL;MF;Millonarios;39-012;1987;7.8;1;19;4;21.1;2.45;0.52;0.05;0.25;0;0;Matches
557;Dennis Quintero;ECU;DF;Llaneros;29-109;1997;12.7;0;4;0;0.0;0.31;0.00;0.00;;0;0;Matches
558;Juan Quintero;COL;DF;Santa Fe;31-192;1995;1.3;0;0;0;;0.00;0.00;;;0;0;Matches
559;Juan Quintero;COL;FW;Águilas Doradas;19-061;2007;0.0;0;0;0;;0.00;0.00;;;0;0;Matches
560;Juan Quintero;COL;MF,FW;Ind. Medellín;33-256;1993;3.7;1;17;5;29.4;4.64;1.36;0.06;0.20;1;1;Matches
561;Yani Quintero;COL;MF;Deportivo Cali;24-226;2002;4.4;0;4;1;25.0;0.91;0.23;0.00;0.00;0;0;Matches
562;Yani Quintero;COL;DF;América Cali;24-226;2002;3.8;1;1;1;100.0;0.26;0.26;1.00;1.00;0;0;Matches
563;Keyson Quinto;;MF;Bucaramanga;;;0.3;0;0;0;;0.00;0.00;;;0;0;Matches
564;Howenn Rada;;FW;Alianza Petrolera;;;0.4;0;1;0;0.0;2.65;0.00;0.00;;0;0;Matches
565;David Ramírez;COL;DF;Fortaleza FC;24-271;2002;3.9;0;1;0;0.0;0.26;0.00;0.00;;0;0;Matches
566;Delio Ramírez;COL;MF;Boyacá Chicó;25-310;2000;14.7;1;14;5;35.7;0.95;0.34;0.07;0.20;0;0;Matches
567;Juan Ramírez;COL;MF;Llaneros;24-130;2002;12.3;1;21;5;23.8;1.70;0.41;0.05;0.20;0;0;Matches
568;Matías Ramírez;ARG;FW;Águilas Doradas;27-201;1999;3.1;0;12;3;25.0;3.82;0.95;0.00;0.00;0;0;Matches
569;Sebastián Ramírez;USA;MF,DF;Fortaleza FC;20-234;2006;2.4;0;0;0;;0.00;0.00;;;0;0;Matches
570;Adrián Ramos;COL;FW;América Cali;40-252;1986;5.5;3;19;7;36.8;3.48;1.28;0.16;0.43;0;0;Matches
571;Edwin Ramos;COL;MF;Llaneros;27-213;1999;1.3;0;4;1;25.0;3.13;0.78;0.00;0.00;0;0;Matches
572;Martín Rea;URU;DF;Bucaramanga;28-322;1997;8.9;0;3;0;0.0;0.34;0.00;0.00;;0;0;Matches
573;Nicolas Rengifo;COL;MF,DF;Pereira;22-090;2004;14.3;0;10;0;0.0;0.70;0.00;0.00;;0;0;Matches
574;Andrés Rentería;COL;FW;Jaguares;33-209;1993;20.7;10;66;22;33.3;3.19;1.06;0.15;0.45;2;3;Matches
575;Richard Rentería;COL;DF;Pereira;30-224;1996;11.4;2;5;3;60.0;0.44;0.26;0.40;0.67;0;0;Matches
576;Eyder Restrepo;COL;MF;Llaneros;27-186;1999;2.5;0;1;0;0.0;0.39;0.00;0.00;;0;0;Matches
577;Andrés Reyes;COL;DF;Atlético Nacional;27-023;1999;2.0;1;2;1;50.0;1.00;0.50;0.50;1.00;0;0;Matches
578;Victor Reyes;COL;MF;Deportes Tolima;19-242;2007;0.5;0;1;1;100.0;1.91;1.91;0.00;0.00;0;0;Matches
579;Emanuel Reynoso;ARG;MF,FW;Deportivo Cali;30-319;1995;9.0;0;18;4;22.2;2.01;0.45;0.00;0.00;0;0;Matches
580;Léider Riascos;COL;DF;Llaneros;26-089;2000;8.0;0;6;1;16.7;0.75;0.13;0.00;0.00;0;0;Matches
581;Elan Ricardo;COL;MF;Deportes Tolima;22-223;2004;3.0;0;7;2;28.6;2.33;0.67;0.00;0.00;0;0;Matches
582;Andrés Ricaurte;COL;MF,FW;Águilas Doradas;34-363;1991;17.2;2;13;4;30.8;0.76;0.23;0.15;0.50;0;0;Matches
583;Kevin Rincón;COL;MF;Llaneros;20-112;2006;9.0;1;9;2;22.2;1.00;0.22;0.11;0.50;0;0;Matches
584;Joyce Rios;COL;DF;Deportivo Pasto;28-140;1998;8.1;0;8;1;12.5;0.99;0.12;0.00;0.00;0;0;Matches
585;Lucas Ríos;ARG;MF;Cúcuta;28-207;1998;6.1;2;15;6;40.0;2.44;0.98;0.13;0.33;0;0;Matches
586;Xavi Ríos;COL;MF;Atlético Nacional;20-245;2006;2.0;0;0;0;;0.00;0.00;;;0;0;Matches
587;Jáider Riquett;COL;DF;Once Caldas;36-144;1990;7.1;0;2;0;0.0;0.28;0.00;0.00;;0;0;Matches
588;Jorge Rivaldo;COL;FW;Águilas Doradas;23-002;2003;15.1;11;46;19;41.3;3.04;1.25;0.24;0.58;3;3;Matches
589;Jesús Rivas;COL;MF;Junior;29-178;1997;17.2;1;10;2;20.0;0.58;0.12;0.10;0.50;0;0;Matches
590;Richardson Rivas;COL;MF,FW;Fortaleza FC;21-008;2005;13.5;4;30;11;36.7;2.22;0.81;0.13;0.36;0;0;Matches
591;Daniel Rivera;COL;DF;Junior;27-215;1999;19.8;0;11;3;27.3;0.55;0.15;0.00;0.00;0;0;Matches
592;Harold Rivera;COL;MF;Junior;33-196;1993;3.5;0;1;0;0.0;0.28;0.00;0.00;;0;0;Matches
593;Elkin Rivero;COL;MF;Atlético Nacional;20-216;2006;0.4;0;0;0;;0.00;0.00;;;0;0;Matches
594;Andrés Roa;COL;MF;Once Caldas;33-129;1993;12.9;2;37;14;37.8;2.87;1.09;0.05;0.14;0;0;Matches
595;Hugo Rodallega;COL;FW;Santa Fe;41-068;1985;27.1;14;102;41;40.2;3.76;1.51;0.14;0.34;3;3;Matches
596;Mateo Rodas;COL;DF;La Equidad;28-263;1998;15.5;2;12;6;50.0;0.77;0.39;0.17;0.33;0;0;Matches
597;Alejandro Rodríguez;COL;GK;Deportivo Cali;25-262;2001;4.0;0;0;0;;0.00;0.00;;;0;0;Matches
598;Breiner Rodriguez;;FW;Cúcuta;;;1.3;0;2;1;50.0;1.57;0.78;0.00;0.00;0;0;Matches
599;Emerson Rodríguez;COL;MF;Santa Fe;26-037;2000;2.4;1;9;3;33.3;3.82;1.27;0.11;0.33;0;0;Matches
600;James Rodríguez;COL;MF;Atlético Nacional;35-081;1991;2.0;0;10;3;30.0;4.97;1.49;0.00;0.00;0;0;Matches
601;Jared Rodríguez;;;Pereira;;;0.2;0;0;0;;0.00;0.00;;;0;0;Matches
602;Nicolás Rodríguez;COL;MF;Atlético Nacional;22-159;2004;12.7;0;20;4;20.0;1.57;0.31;0.00;0.00;0;0;Matches
603;Sebastian Rodríguez;COL;DF;Cúcuta;25-302;2000;5.7;0;1;0;0.0;0.18;0.00;0.00;;0;0;Matches
604;Sebastian Rodríguez;COL;DF;Águilas Doradas;25-302;2000;1.2;0;0;0;;0.00;0.00;;;0;0;Matches
605;Steven Rodríguez;COL;FW,MF;Deportivo Cali;27-353;1998;23.3;10;74;23;31.1;3.17;0.99;0.14;0.43;1;2;Matches
606;Iván Rojas;COL;MF;Águilas Doradas;29-069;1997;4.9;0;3;0;0.0;0.61;0.00;0.00;;0;0;Matches
607;Iván Rojas;COL;MF;Once Caldas;29-069;1997;4.6;0;1;0;0.0;0.22;0.00;0.00;;0;0;Matches
608;Simón Rojas;COL;MF;Atlético Nacional;17-170;2009;0.6;0;0;0;;0.00;0.00;;;0;0;Matches
609;Carlos Romaña;COL;DF;Bucaramanga;26-325;1999;15.8;0;6;0;0.0;0.38;0.00;0.00;;0;0;Matches
610;Jhon Romana;;MF;Boyacá Chicó;;;1.8;1;4;1;25.0;2.22;0.56;0.25;1.00;0;0;Matches
611;Roameth Romaña;COL;GK;Llaneros;29-266;1997;11.0;0;0;0;;0.00;0.00;;;0;0;Matches
612;Joel Romero;COL;MF,DF;América Cali;20-265;2006;4.8;1;11;4;36.4;2.31;0.84;0.09;0.25;0;0;Matches
613;Yeiner Romero;COL;MF;Millonarios;18-249;2008;0.0;0;1;0;0.0;22.50;0.00;0.00;;0;0;Matches
614;Juan Rosa;COL;DF;Atlético Nacional;19-089;2007;1.1;1;6;3;50.0;5.68;2.84;0.17;0.33;0;0;Matches
615;Yilson Rosales;COL;DF;Alianza Petrolera;25-296;2000;20.2;1;9;3;33.3;0.45;0.15;0.11;0.33;0;0;Matches
616;Daniel Rosero;COL;DF;América Cali;32-360;1993;10.1;4;13;7;53.8;1.28;0.69;0.31;0.57;0;0;Matches
617;Brayan Rovira;COL;MF,DF;Deportes Tolima;29-303;1996;13.0;1;28;7;25.0;2.15;0.54;0.04;0.14;0;0;Matches
618;Luther Rueda;COL;FW;Deportivo Pasto;20-199;2006;0.0;0;0;0;;0.00;0.00;;;0;0;Matches
619;Diego Ruíz;COL;DF;Boyacá Chicó;28-364;1997;4.7;0;3;0;0.0;0.63;0.00;0.00;;0;0;Matches
620;Daniel Ruiz Rivera;COL;FW,MF;Millonarios;25-063;2001;8.3;1;17;9;52.9;2.05;1.09;0.06;0.11;0;0;Matches
621;Jhoiner Salas;COL;MF,FW;Fortaleza FC;22-358;2003;5.5;2;9;4;44.4;1.65;0.73;0.22;0.50;0;0;Matches
622;Andrés Salazar;COL;GK;Águilas Doradas;32-317;1993;6.9;0;0;0;;0.00;0.00;;;0;0;Matches
623;Sebastian Salazar;COL;MF;Boyacá Chicó;31-001;1995;15.4;1;10;5;50.0;0.65;0.33;0.10;0.20;0;0;Matches
624;Anyelo Saldana;;DF;Boyacá Chicó;;;10.1;0;4;0;0.0;0.40;0.00;0.00;;0;0;Matches
625;Fabián Sambueza;ARG;MF,FW;Bucaramanga;38-061;1988;21.2;5;48;23;47.9;2.27;1.09;0.10;0.22;0;0;Matches
626;Luis Sánchez;COL;MF,FW;Deportes Tolima;26-013;2000;6.3;1;13;7;53.8;2.08;1.12;0.08;0.14;0;0;Matches
627;Luis Sánchez;COL;MF;Once Caldas;26-013;2000;17.2;3;36;14;38.9;2.09;0.81;0.08;0.21;0;0;Matches
628;Néifer Sánchez;;FW;Deportes Tolima;;;2.5;0;5;0;0.0;1.97;0.00;0.00;;0;0;Matches
629;Keimer Sandoval;COL;DF;Deportivo Cali;21-028;2005;9.0;0;5;0;0.0;0.55;0.00;0.00;;0;0;Matches
630;Luis Sandoval;COL;FW,MF;Deportes Tolima;27-122;1999;16.3;8;41;17;41.5;2.51;1.04;0.20;0.47;2;2;Matches
631;Fabricio Sanguinetti;URU;FW,MF;La Equidad;26-039;2000;26.5;8;68;27;39.7;2.57;1.02;0.12;0.30;0;0;Matches
632;Mateo Santamaria;COL;MF;La Equidad;21-028;2005;0.1;0;0;0;;0.00;0.00;;;0;0;Matches
633;Cristian Santander;COL;GK;Fortaleza FC;23-042;2003;4.0;0;0;0;;0.00;0.00;;;0;0;Matches
634;David Santiago Agudelo;COL;GK;Boyacá Chicó;29-235;1997;7.0;0;0;0;;0.00;0.00;;;0;0;Matches
635;Carlos Sarabia;COL;DF;Millonarios;21-110;2005;15.0;1;7;2;28.6;0.47;0.13;0.14;0.50;0;0;Matches
636;Andrés Sarmiento;COL;MF;Atlético Nacional;28-259;1998;21.5;8;76;24;31.6;3.54;1.12;0.11;0.33;0;0;Matches
637;Jannenson Sarmiento;COL;MF;Junior;26-348;1999;12.0;1;35;1;2.9;2.92;0.08;0.03;1.00;0;0;Matches
638;Estiven Sarria;COL;MF,FW;Boyacá Chicó;26-007;2000;7.3;1;9;4;44.4;1.23;0.55;0.11;0.25;0;0;Matches
639;Iván Scarpeta;COL;DF;Santa Fe;30-118;1996;14.0;1;7;2;28.6;0.50;0.14;0.14;0.50;0;0;Matches
640;Andrés Schmalbach;;MF;Junior;;;0.5;0;1;0;0.0;1.87;0.00;0.00;;0;0;Matches
641;Juan Sebastián Herrera;COL;FW;Fortaleza FC;31-331;1994;14.1;5;29;9;31.0;2.06;0.64;0.17;0.56;0;0;Matches
642;Nezareth Segura;COL;MF;Ind. Medellín;19-112;2007;0.0;0;0;0;;0.00;0.00;;;0;0;Matches
643;Enrique Serje;COL;MF,DF;Deportivo Pasto;30-264;1996;20.3;1;20;5;25.0;0.98;0.25;0.05;0.20;0;0;Matches
644;Alexis Serna;COL;MF;Ind. Medellín;28-298;1997;12.1;2;19;5;26.3;1.57;0.41;0.11;0.40;0;0;Matches
645;Marlon Sierra;COL;MF;Llaneros;32-010;1994;12.5;0;2;2;100.0;0.16;0.16;0.00;0.00;0;0;Matches
646;Miguel Silva;VEN;GK;Fortaleza FC;26-084;2000;15.0;0;0;0;;0.00;0.00;;;0;0;Matches
647;Mauro Silveira;URU;GK;Junior;26-148;2000;29.3;0;0;0;;0.00;0.00;;;0;0;Matches
648;Alfonso Simarra;COL;DF;Ind. Medellín;26-080;2000;5.3;0;2;1;50.0;0.38;0.19;0.00;0.00;0;0;Matches
649;Julio Sinisterra;;MF,FW;Fortaleza FC;;;3.0;0;6;1;16.7;1.99;0.33;0.00;0.00;0;0;Matches
650;Daniel Socarras;;DF;Junior;;;2.1;0;2;1;50.0;0.94;0.47;0.00;0.00;0;0;Matches
651;Jhon Solís;COL;MF,FW;Fortaleza FC;27-231;1999;6.8;1;7;4;57.1;1.02;0.58;0.14;0.25;0;0;Matches
652;Jeison Suarez;COL;DF;Junior;29-085;1997;28.8;1;16;3;18.8;0.56;0.10;0.06;0.33;0;0;Matches
653;Kalazán Suárez;COL;DF;La Equidad;24-210;2002;8.8;0;2;0;0.0;0.23;0.00;0.00;;0;0;Matches
654;Kalazán Suárez;COL;DF;Deportivo Cali;24-210;2002;1.1;0;1;0;0.0;0.90;0.00;0.00;;0;0;Matches
655;Sebastián Támara;COL;DF,MF;Cúcuta;30-144;1996;5.5;0;5;0;0.0;0.91;0.00;0.00;;0;0;Matches
656;Kevin Tamayo;COL;DF;Cúcuta;26-339;1999;3.6;0;1;0;0.0;0.28;0.00;0.00;;0;0;Matches
657;Kevin Tamayo;COL;DF;Once Caldas;26-339;1999;14.6;0;4;1;25.0;0.27;0.07;0.00;0.00;0;0;Matches
658;Juan Tello;COL;DF;Deportivo Cali;24-137;2002;1.7;0;0;0;;0.00;0.00;;;0;0;Matches
659;William Tesillo;COL;DF;Atlético Nacional;36-241;1990;25.4;1;15;4;26.7;0.59;0.16;0.07;0.25;0;0;Matches
660;Yeison Tolosa;COL;FW;Deportivo Pasto;27-111;1999;0.2;0;0;0;;0.00;0.00;;;0;0;Matches
661;Fainer Torijano;COL;DF;Deportivo Pasto;38-031;1988;18.7;0;5;0;0.0;0.27;0.00;0.00;;0;0;Matches
662;Daniel Torres;COL;MF;Santa Fe;36-320;1989;23.3;0;8;2;25.0;0.34;0.09;0.00;0.00;0;0;Matches
663;Edwin Torres;COL;MF,FW;Once Caldas;28-306;1997;3.9;0;8;4;50.0;2.06;1.03;0.00;0.00;0;0;Matches
664;Gustavo Torres;COL;FW,MF;Cúcuta;30-108;1996;6.3;2;19;7;36.8;2.99;1.10;0.11;0.29;0;0;Matches
665;Gustavo Torres;COL;FW,MF;Pereira;30-108;1996;3.8;1;11;3;27.3;2.89;0.79;0.09;0.33;0;0;Matches
666;Johan Torres;COL;MF;Santa Fe;22-024;2004;18.1;1;12;3;25.0;0.66;0.17;0.08;0.33;0;0;Matches
667;Juan Torres;COL;MF,FW;Deportes Tolima;22-101;2004;14.3;7;41;18;43.9;2.86;1.26;0.17;0.39;2;3;Matches
668;Marlon Torres;COL;DF;América Cali;30-167;1996;18.4;0;3;0;0.0;0.16;0.00;0.00;;0;0;Matches
669;Edson Tortolero;VEN;MF;América Cali;28-238;1998;3.3;0;6;5;83.3;1.84;1.53;0.00;0.00;0;0;Matches
670;Kilian Toscano;COL;MF;Santa Fe;22-213;2004;16.8;0;14;2;14.3;0.83;0.12;0.00;0.00;0;0;Matches
671;Cristian Tovar;COL;DF;América Cali;28-148;1998;13.4;1;7;3;42.9;0.52;0.22;0.14;0.33;0;0;Matches
672;Cristian Trujillo;COL;MF,DF;Deportes Tolima;28-053;1998;10.4;0;3;1;33.3;0.29;0.10;0.00;0.00;0;0;Matches
673;Duván Urango;COL;MF;Jaguares;30-149;1996;10.2;2;17;4;23.5;1.67;0.39;0.12;0.50;0;0;Matches
674;Rodrigo Ureña;CHI;MF;Millonarios;33-214;1993;26.8;1;26;10;38.5;0.97;0.37;0.04;0.10;0;0;Matches
675;Cristian Uribe;COL;DF;Atlético Nacional;18-359;2007;1.2;0;0;0;;0.00;0.00;;;0;0;Matches
676;Mateus Uribe;COL;MF;Atlético Nacional;35-194;1991;18.1;2;22;9;40.9;1.21;0.50;0.09;0.22;0;0;Matches
677;Juan Urrea;COL;MF;Pereira;20-121;2006;0.8;0;0;0;;0.00;0.00;;;0;0;Matches
678;Bryan Urueña;COL;MF,FW;Águilas Doradas;33-335;1992;9.4;0;9;1;11.1;0.96;0.11;0.00;0.00;0;0;Matches
679;Alan Valdelamar;COL;MF;Ind. Medellín;19-245;2007;0.7;0;0;0;;0.00;0.00;;;0;0;Matches
680;Ever Valencia;COL;MF,FW;Deportes Tolima;29-251;1997;9.9;4;33;12;36.4;3.32;1.21;0.12;0.33;1;1;Matches
681;Jader Valencia;COL;FW,MF;Deportes Tolima;26-320;1999;4.7;0;10;2;20.0;2.13;0.43;0.00;0.00;0;0;Matches
682;Jhon Valencia;COL;FW,MF;Cúcuta;24-180;2002;2.9;0;3;2;66.7;1.03;0.69;0.00;0.00;0;0;Matches
683;Jorge Valencia;ECU;FW;América Cali;30-202;1996;9.2;3;22;8;36.4;2.40;0.87;0.14;0.38;0;0;Matches
684;Juan Valencia;COL;FW;La Equidad;22-175;2004;5.6;2;18;5;27.8;3.20;0.89;0.11;0.40;0;0;Matches
685;Nicolás Valencia;COL;MF;Boyacá Chicó;25-128;2001;9.2;1;8;1;12.5;0.87;0.11;0.13;1.00;0;0;Matches
686;Sebastián Valencia;COL;DF;Millonarios;30-090;1996;20.9;3;40;17;42.5;1.91;0.81;0.08;0.18;0;0;Matches
687;Santiago Vallecilla;COL;DF;Deportivo Cali;17-198;2009;0.4;0;0;0;;0.00;0.00;;;0;0;Matches
688;Jhon Valoyes;COL;MF;Alianza Petrolera;24-067;2002;0.9;0;1;0;0.0;1.06;0.00;0.00;;0;0;Matches
689;Joaquín Varela;URU;DF;Águilas Doradas;28-096;1998;5.2;2;5;4;80.0;0.96;0.77;0.40;0.50;0;0;Matches
690;Joaquín Varela;URU;DF;Ind. Medellín;28-096;1998;5.7;0;4;1;25.0;0.71;0.18;0.00;0.00;0;0;Matches
691;Anthony Vásquez;COL;FW;Águilas Doradas;24-094;2002;7.6;2;19;7;36.8;2.51;0.93;0.11;0.29;0;1;Matches
692;Jhon Vasquez;COL;MF;Llaneros;31-231;1995;23.5;6;32;14;43.8;1.36;0.60;0.19;0.43;3;4;Matches
693;Larry Vásquez;VEN;MF;La Equidad;35-012;1991;32.7;2;17;6;35.3;0.52;0.18;0.12;0.33;0;0;Matches
694;Mariano Vázquez;ARG;MF,FW;Fortaleza FC;33-285;1992;2.0;1;4;2;50.0;2.00;1.00;0.25;0.50;0;0;Matches
695;Stiven Vega;COL;MF;Millonarios;28-132;1998;9.4;0;2;0;0.0;0.21;0.00;0.00;;0;0;Matches
696;Edwin Velasco;COL;DF,MF;Deportivo Cali;34-330;1991;10.1;0;5;0;0.0;0.50;0.00;0.00;;0;0;Matches
697;Edwin Velasco;COL;DF;Deportivo Pasto;34-330;1991;19.1;0;8;2;25.0;0.42;0.10;0.00;0.00;0;0;Matches
698;Jhon Velásquez;COL;MF;Fortaleza FC;31-152;1995;9.1;1;12;3;25.0;1.32;0.33;0.08;0.33;0;0;Matches
699;Samuel Velásquez;COL;DF;Atlético Nacional;23-125;2003;10.1;0;8;3;37.5;0.79;0.30;0.00;0.00;0;0;Matches
700;Yílmar Velásquez;COL;MF;Santa Fe;27-041;1999;9.1;0;5;0;0.0;0.55;0.00;0.00;;0;0;Matches
701;Cristian Vergara;COL;FW;Alianza Petrolera;26-292;1999;9.2;3;25;5;20.0;2.70;0.54;0.12;0.60;0;1;Matches
702;Fabián Viáfara;COL;DF;Deportivo Cali;34-199;1992;23.4;0;13;3;23.1;0.56;0.13;0.00;0.00;0;0;Matches
703;Dewar Victoria;COL;MF;La Equidad;25-196;2001;6.4;0;7;3;42.9;1.10;0.47;0.00;0.00;0;0;Matches
704;Dewar Victoria;COL;MF;Millonarios;25-196;2001;0.9;0;1;0;0.0;1.13;0.00;0.00;;0;0;Matches
705;Lucas Villa;FRA;MF;Alianza Petrolera;19-280;2006;1.4;0;2;0;0.0;1.41;0.00;0.00;;0;0;Matches
706;Dilan Villarreal;COL;DF;Junior;18-273;2008;0.6;0;0;0;;0.00;0.00;;;0;0;Matches
707;Charly Villegas;COL;DF;Alianza Petrolera;21-180;2005;5.1;1;9;2;22.2;1.78;0.40;0.11;0.50;0;0;Matches
708;Carlos Vivas;VEN;DF;La Equidad;24-180;2002;27.5;1;16;7;43.8;0.58;0.25;0.06;0.14;0;0;Matches
709;Santiago Vivas;COL;MF;Fortaleza FC;20-177;2006;9.3;0;14;2;14.3;1.51;0.22;0.00;0.00;0;0;Matches
710;Jhonier Viveros;COL;MF,FW;Jaguares;34-156;1992;5.2;0;3;1;33.3;0.58;0.19;0.00;0.00;0;0;Matches
711;Juan Viveros;COL;DF;Alianza Petrolera;22-309;2003;25.3;0;12;3;25.0;0.47;0.12;0.00;0.00;0;0;Matches
712;Juan Viveros;COL;DF;Ind. Medellín;21-330;2004;0.1;0;1;1;100.0;7.50;7.50;0.00;0.00;0;0;Matches
713;Sebastián Viveros;COL;MF,DF;Millonarios;21-284;2004;9.5;0;27;8;29.6;2.83;0.84;0.00;0.00;0;0;Matches
714;Sebastián Viveros;COL;MF;Boyacá Chicó;29-154;1997;2.2;0;2;0;0.0;0.93;0.00;0.00;;0;0;Matches
715;Alvino Volpi Neto;BRA;GK;Deportes Tolima;34-061;1992;23.0;0;0;0;;0.00;0.00;;;0;0;Matches
716;Johan Wallens;COL;GK;Alianza Petrolera;34-059;1992;20.0;0;0;0;;0.00;0.00;;;0;0;Matches
717;Teun Wilke;MEX;FW;Fortaleza FC;24-201;2002;10.0;0;29;15;51.7;2.91;1.51;0.00;0.00;0;1;Matches
718;Alexis Zapata;COL;MF,FW;Santa Fe;31-144;1995;9.2;2;29;10;34.5;3.14;1.08;0.07;0.20;0;0;Matches
719;Branndon Zapata;COL;GK;Boyacá Chicó;26-133;2000;3.0;0;0;0;;0.00;0.00;;;0;0;Matches
720;Jefry Zapata;COL;MF,FW;Once Caldas;26-240;2000;21.3;11;78;28;35.9;3.66;1.31;0.14;0.39;0;0;Matches
721;Juan Zapata;COL;MF;Atlético Nacional;26-135;2000;13.2;1;20;7;35.0;1.51;0.53;0.05;0.14;0;0;Matches
722;Simón Zapata;COL;GK;La Equidad;20-233;2006;2.3;0;0;0;;0.00;0.00;;;0;0;Matches
723;Aldair Zárate;COL;MF;Bucaramanga;27-221;1999;10.4;1;19;5;26.3;1.82;0.48;0.05;0.20;0;0;Matches
724;Mateo Zuleta;COL;MF,FW;Once Caldas;24-116;2002;11.7;3;22;9;40.9;1.87;0.77;0.14;0.33;0;0;Matches
725;Diego Zuluaga;;;Jaguares;;;0.2;0;2;1;50.0;9.00;4.50;0.00;0.00;0;0;Matches
726;Emanuel Benitez;;;Atlético Nacional;;;0.2;0;0;0;;0.00;0.00;;;0;0;Matches