nombre_fbref;nombre;id_apifootball
Athletico–PR;Athletico Paranaense;134
Atlético Mineiro;Atlético Mineiro;1062
Bahia;Bahia;118
Botafogo–RJ;Botafogo;120
Chapecoense;Chapecoense;132
Corinthians;Corinthians;131
Coritiba;Coritiba;147
Cruzeiro;Cruzeiro;135
Flamengo;Flamengo;127
Fluminense;Fluminense;124
Grêmio;Grêmio;130
Internacional;Internacional;119
Mirassol;Mirassol;7848
Palmeiras;Palmeiras;121
RB Bragantino;RB Bragantino;794
Remo;Remo;1198
Santos;Santos;128
São Paulo;São Paulo;126
Vasco da Gama;Vasco da Gama;133
Vitória;Vitória;136
