ranker;player;nationality;position;team;age;birth_year;minutes_90s;cards_yellow;cards_red;cards_yellow_red;fouls;fouled;offsides;crosses;interceptions;tackles_won;pens_won;pens_conceded;own_goals;matches
1;Nicolás Acevedo;URU;MF,DF;Bahia;27-170;1999;25.0;8;0;0;57;36;0;14;40;51;;;0;Matches
2;Luciano Acosta;ARG;MF,FW;Fluminense;32-123;1994;14.9;6;0;0;21;20;3;24;7;13;;;0;Matches
3;Adson;BRA;MF;Vasco da Gama;25-360;2000;9.0;1;0;0;7;11;0;14;8;16;;;0;Matches
4;Braian Aguirre;ARG;DF,MF;Internacional;26-065;2000;8.7;3;0;0;19;3;2;45;9;14;;;0;Matches
5;Yuri Alberto;BRA;FW;Corinthians;25-197;2001;15.7;2;0;0;23;12;13;4;1;3;;;0;Matches
6;José Aldo;BRA;MF;Mirassol;28-068;1998;13.4;7;0;0;25;11;1;8;16;15;;;0;Matches
7;Alerrandro;BRA;FW;Internacional;26-262;2000;10.4;1;0;0;22;21;5;3;4;5;;;0;Matches
8;Alesson;BRA;MF,FW;Mirassol;27-227;1999;17.7;3;0;0;24;33;7;64;3;23;;;0;Matches
9;Caio Alexandre;BRA;MF;Bahia;27-219;1999;6.7;1;0;0;14;14;0;11;9;7;;;0;Matches
10;Matheus Alexandre;BRA;DF;Remo;27-177;1999;2.9;1;0;0;4;0;0;5;9;4;;;0;Matches
11;Alexsander;BRA;MF;Atlético Mineiro;22-358;2003;3.4;1;0;0;5;6;1;4;5;6;;;0;Matches
12;Alisson;BRA;MF;Fluminense;33-098;1993;2.8;3;0;0;7;5;0;1;1;3;;;0;Matches
13;Allan;BRA;MF;Palmeiras;22-165;2004;17.1;3;1;0;25;36;2;16;10;18;;;0;Matches
14;Allan;BRA;MF;Corinthians;29-212;1997;12.7;4;1;0;23;10;0;13;20;11;;;0;Matches
15;Allan;BRA;MF;Botafogo–RJ;35-266;1991;6.0;3;0;0;12;5;0;2;10;6;;;0;Matches
16;Allex;BRA;MF,DF;Internacional;20-150;2006;4.1;1;0;0;3;9;0;25;2;5;;;0;Matches
17;João Almeida;BRA;DF;Coritiba;20-258;2006;0.0;0;0;0;0;0;0;0;0;0;;;0;Matches
18;Kayky Almeida;BRA;DF;Remo;21-153;2005;5.4;1;0;0;5;1;0;9;11;5;;;0;Matches
19;Júnior Alonso;PAR;DF;Atlético Mineiro;33-234;1993;10.0;2;0;0;9;5;0;0;10;9;;;0;Matches
20;David Alves França;BRA;MF;Coritiba;18-239;2008;0.0;0;0;0;0;0;0;0;0;0;;;0;Matches
21;Yuri Alves;BRA;MF;RB Bragantino;20-025;2006;0.3;0;0;0;2;2;0;4;0;2;;;0;Matches
22;Francis Amuzu;BEL;MF,FW;Grêmio;27-039;1999;16.7;0;0;0;13;34;1;35;3;6;;;0;Matches
23;João Ananias;BRA;DF;Santos;19-231;2007;3.8;1;0;0;6;3;0;0;2;10;;;1;Matches
24;Anderson;BRA;FW;Vitória;24-003;2002;0.8;1;0;0;1;0;0;0;1;3;;;0;Matches
25;Anderson;BRA;GK;Chapecoense;28-210;1998;13.0;1;0;0;0;5;0;0;0;0;;;0;Matches
26;Felipe Anderson;BRA;MF,FW;Palmeiras;33-169;1993;7.1;1;0;0;11;9;0;22;7;18;;;0;Matches
27;Léo Andrade;BRA;DF;Remo;28-166;1998;3.3;1;0;0;4;1;0;3;5;6;;;0;Matches
28;André;BRA;MF;Corinthians;20-103;2006;11.9;2;2;0;19;16;0;0;11;17;;;0;Matches
29;Andrey;BRA;MF;Vasco da Gama;18-238;2008;0.3;0;0;0;0;1;0;2;0;0;;;0;Matches
30;Fabrizio Angileri;ARG;DF;Corinthians;32-200;1994;6.3;3;0;0;6;6;0;30;3;10;;;0;Matches
31;Anthoni;BRA;GK;Internacional;24-251;2002;10.2;0;0;0;0;1;0;0;0;0;;;0;Matches
32;Marcos Antônio;BRA;MF;São Paulo;26-110;2000;17.4;1;0;0;17;19;2;22;6;19;;;0;Matches
33;David Antunes;BRA;MF;Chapecoense;21-045;2005;2.1;0;0;0;3;2;0;3;0;4;;;0;Matches
34;Guilherme Arana;BRA;DF;Fluminense;29-170;1997;10.2;2;0;0;10;5;1;32;5;11;;;0;Matches
35;Willian Arão;BRA;MF,DF;Santos;33-302;1992;14.6;2;0;0;13;6;2;3;18;20;;;0;Matches
36;Luiz Araújo;BRA;MF;Flamengo;30-121;1996;5.7;2;0;0;8;9;1;24;2;16;;;0;Matches
37;Michel Araujo;URU;MF;Bahia;30-003;1996;4.0;3;1;1;14;6;3;6;3;8;;;0;Matches
38;Robert Arboleda;ECU;DF;São Paulo;34-344;1991;11.0;1;0;0;7;6;2;0;11;25;;;0;Matches
39;Lucas Arcanjo;BRA;GK;Vitória;28-054;1998;24.0;1;0;0;1;2;0;0;0;0;;;0;Matches
40;Benjamin Arhin;GHA;MF;Internacional;20-125;2006;0.0;0;0;0;1;0;0;0;0;0;;;0;Matches
41;Jhon Arias;COL;MF;Palmeiras;29-010;1997;17.8;4;0;0;25;35;4;44;12;24;;;0;Matches
42;Giorgian de Arrascaeta;URU;MF;Flamengo;32-122;1994;15.4;2;0;0;10;20;3;87;1;15;;;0;Matches
43;Keny Arroyo;ECU;MF;Cruzeiro;20-229;2006;15.3;6;1;1;20;25;2;57;13;7;;;0;Matches
44;Arthur;BRA;DF;Palmeiras;21-027;2005;12.2;3;1;1;21;12;0;34;19;19;;;0;Matches
45;Artur;BRA;FW;Botafogo–RJ;28-228;1998;2.1;0;0;0;2;4;0;3;0;1;;;0;Matches
46;Artur;BRA;MF;São Paulo;28-228;1998;15.7;1;0;0;7;25;2;129;5;11;;;0;Matches
47;Giovanni Augusto;BRA;MF,FW;Chapecoense;37-026;1989;12.0;2;0;0;13;23;1;68;5;13;;;0;Matches
48;Ryan Augusto;BRA;DF;RB Bragantino;19-027;2007;2.7;0;0;0;3;5;2;28;1;4;;;0;Matches
49;Matheus Aurelio;BRA;GK;Chapecoense;27-100;1999;3.0;1;0;0;0;0;0;0;0;0;;;0;Matches
50;Avellar;BRA;DF;Vasco da Gama;20-207;2006;0.4;0;0;0;1;0;0;3;1;2;;;0;Matches
51;Matheus Bahia;BRA;DF,MF;Internacional;27-051;1999;13.1;4;1;0;21;21;4;36;20;18;;;0;Matches
52;Fabián Balbuena;PAR;DF;Grêmio;35-039;1991;7.5;0;0;0;2;1;1;0;13;4;;;0;Matches
53;Gabriel Baralhas;BRA;MF;Vitória;27-356;1998;17.0;4;0;0;30;22;1;11;31;20;;;0;Matches
54;Danilo Barbosa;BRA;MF;Grêmio;30-215;1996;1.5;0;0;0;1;5;0;1;0;0;;;0;Matches
55;Gabriel Barbosa;BRA;FW;Santos;30-032;1996;15.2;7;1;0;6;9;14;8;2;2;;;0;Matches
56;Lucas Barbosa;BRA;MF;RB Bragantino;25-221;2001;24.0;5;0;0;43;46;8;60;18;22;;;0;Matches
57;Alexander Barboza;ARG;DF;Palmeiras;31-199;1995;5.2;4;1;1;11;2;0;2;10;7;;;0;Matches
58;Alexander Barboza;ARG;DF;Botafogo–RJ;31-199;1995;11.5;5;1;0;22;1;0;4;12;19;;;0;Matches
59;Álvaro Barreal;ARG;MF;Santos;26-045;2000;15.6;6;1;0;24;17;3;64;13;28;;;0;Matches
60;Jordan Barrera;COL;MF;Botafogo–RJ;20-173;2006;4.4;0;0;0;9;5;0;4;4;4;;;0;Matches
61;Kadir Barría;PAN;MF,FW;Botafogo–RJ;19-075;2007;4.2;3;0;0;19;8;1;2;1;2;;;0;Matches
62;Cauan Barros;BRA;MF;Vasco da Gama;22-148;2004;14.5;5;1;0;32;46;0;2;23;19;;;0;Matches
63;Bastos;ANG;DF;Botafogo–RJ;35-188;1991;5.8;1;0;0;9;2;0;0;6;7;;;0;Matches
64;Gabriel Batista;BRA;GK;Botafogo–RJ;28-120;1998;6.0;0;0;0;0;0;0;0;0;0;;;0;Matches
65;Thiago Beltrame;BRA;GK;Grêmio;23-091;2003;0.8;0;1;0;1;1;0;0;0;0;;;0;Matches
66;Gastón Benavídez;ARG;MF,DF;Athletico–PR;30-343;1995;20.6;6;0;0;19;25;2;35;17;17;;;0;Matches
67;Luis Benedetti;BRA;DF;Palmeiras;20-116;2006;0.3;0;0;0;1;1;0;0;0;0;;;0;Matches
68;Alexandro Bernabei;ARG;MF,DF;Internacional;26-007;2000;22.9;8;1;1;46;26;11;113;22;22;;;0;Matches
69;Facundo Bernal;URU;MF;Fluminense;23-041;2003;6.1;2;0;0;10;6;0;0;3;10;;;0;Matches
70;Bernard;BRA;MF,FW;Atlético Mineiro;34-023;1992;14.0;0;0;0;17;18;2;66;10;11;;;0;Matches
71;João Bezerra;BRA;FW;Internacional;17-094;2009;0.1;0;0;0;0;0;0;0;0;0;;;0;Matches
72;Breno Bidon;BRA;MF;Corinthians;21-223;2005;18.9;4;0;0;32;59;2;16;6;19;;;0;Matches
73;Matheus Bidu;BRA;DF;Corinthians;27-150;1999;20.5;5;0;0;30;58;6;65;27;22;;;0;Matches
74;Damián Bobadilla;PAR;MF;São Paulo;25-082;2001;12.8;3;0;0;20;7;1;12;17;8;;;0;Matches
75;Yannick Bolasie;COD;FW;Chapecoense;37-130;1989;13.9;4;0;0;28;17;2;20;3;2;;;0;Matches
76;Gabriel Bontempo;BRA;MF;Santos;21-258;2005;17.9;3;0;0;11;29;2;30;11;19;;;0;Matches
77;Thiago Borbas;URU;FW;Atlético Mineiro;24-177;2002;1.7;0;0;0;4;6;0;1;0;2;;;0;Matches
78;Daniel Borges;BRA;DF;Mirassol;33-192;1993;4.1;1;0;0;2;8;0;17;0;4;;;0;Matches
79;Marllon Borges;BRA;DF;Remo;34-168;1992;25.0;4;0;0;13;14;0;1;25;16;;;1;Matches
80;Rafael Borré;COL;FW;Internacional;31-016;1995;11.8;2;0;0;27;15;10;10;5;9;;;0;Matches
81;Dylan Borrero;COL;MF;Chapecoense;24-269;2002;0.8;0;0;0;0;0;0;2;2;1;;;0;Matches
82;David Braga;BRA;MF;Remo;24-294;2001;3.6;2;0;0;6;8;0;7;1;2;;;0;Matches
83;Martin Braithwaite;DEN;FW,MF;Grêmio;35-118;1991;6.8;0;0;0;11;8;4;1;0;3;;;0;Matches
84;Gabriel Brazão;BRA;GK;Santos;25-361;2000;24.0;5;0;0;1;4;0;0;1;0;;;0;Matches
85;Brenner;BRA;FW,MF;Vasco da Gama;26-258;2000;7.0;1;0;0;5;12;2;2;2;6;;;0;Matches
86;Breno;BRA;MF;Coritiba;30-250;1996;18.4;3;1;0;10;32;11;49;2;7;;;0;Matches
87;José Breno;BRA;MF;Vitória;22-117;2004;0.3;0;0;0;1;0;0;0;1;0;;;0;Matches
88;Emanuel Brítez;ARG;DF;Vitória;34-189;1992;7.0;2;0;0;7;4;0;3;7;7;;;0;Matches
89;Bruninho;BRA;MF;Athletico–PR;18-046;2008;3.5;0;0;0;5;5;1;5;2;1;;;0;Matches
90;Alex Bruno;BRA;FW;Vitória;27-267;1999;0.8;0;0;0;0;1;0;0;0;0;;;0;Matches
91;Fabrício Bruno;BRA;DF;Cruzeiro;30-231;1996;22.7;8;0;0;15;6;0;9;15;10;;;0;Matches
92;Kaiki Bruno;BRA;DF;Cruzeiro;23-207;2003;15.7;1;1;0;36;16;1;35;19;26;;;0;Matches
93;Vitor Bueno;BRA;MF,FW;Remo;32-026;1994;12.0;1;0;0;11;17;0;67;5;8;;;0;Matches
94;Fabricio Bustos;ARG;DF;Coritiba;30-156;1996;0.5;0;0;0;1;0;0;1;2;2;;;0;Matches
95;Aurélio Buta;POR;MF;São Paulo;29-233;1997;0.8;0;0;0;0;2;0;2;0;3;;;0;Matches
96;Gustavo Caballero;PAR;MF,FW;Santos;25-010;2001;2.7;0;0;0;5;5;1;9;0;3;;;0;Matches
97;Arthur Cabral;BRA;FW;Botafogo–RJ;28-159;1998;20.5;3;1;0;34;28;3;4;1;8;;;0;Matches
98;Jovane Cabral;CPV;MF;Grêmio;28-109;1998;2.5;0;0;0;3;7;0;17;2;2;;;0;Matches
99;Cacá;BRA;DF;Vitória;27-159;1999;19.9;5;1;0;12;4;0;2;8;12;;;0;Matches
100;Victor Caetano;BRA;DF;Chapecoense;28-347;1997;7.2;3;0;0;8;1;1;0;8;9;;;0;Matches
101;Diego Caito;BRA;DF;Grêmio;22-116;2004;6.2;2;0;0;10;15;0;17;6;6;;;0;Matches
102;Calebe;BRA;MF;Internacional;26-154;2000;0.7;0;0;0;1;4;0;5;0;0;;;0;Matches
103;Jonathan Calleri;ARG;FW;São Paulo;33-008;1993;20.0;6;0;0;37;43;8;22;4;8;;;0;Matches
104;Camilo;BRA;MF;Chapecoense;27-220;1999;21.6;7;0;0;41;16;0;7;34;32;;;0;Matches
105;Juan Camilo Portilla;COL;MF;Athletico–PR;28-019;1998;10.9;4;0;0;20;12;0;3;11;12;;;0;Matches
106;Camutanga;BRA;DF;Vitória;33-004;1993;6.7;0;0;0;3;4;0;0;6;9;;;1;Matches
107;Luan Cândido;BRA;DF;Vitória;25-241;2001;18.1;1;1;0;14;10;5;6;18;12;;;0;Matches
108;Germán Cano;ARG;FW;Fluminense;38-241;1988;1.6;0;0;0;1;0;0;2;0;0;;;0;Matches
109;Agustín Canobbio;URU;MF;Fluminense;28-000;1998;17.1;6;1;0;32;34;3;53;5;21;;;0;Matches
110;Aitor Cantalapiedra;ESP;MF;Vitória;30-233;1996;3.8;1;0;0;5;8;2;27;4;2;;;0;Matches
111;Juninho Capixaba;BRA;DF;RB Bragantino;29-087;1997;22.9;12;0;0;45;29;1;79;32;31;;;0;Matches
112;Johan Carbonero;COL;MF,FW;Internacional;27-073;1999;21.0;4;0;0;30;56;15;38;2;4;;;0;Matches
113;Edson Carioca;BRA;FW,MF;Mirassol;29-089;1997;9.6;5;0;0;18;9;2;16;5;11;;;0;Matches
114;Igor Cariús;BRA;DF;Mirassol;33-153;1993;0.4;0;0;0;1;1;0;1;0;1;;;0;Matches
115;Jean Carlos Vicente;BRA;MF;Chapecoense;34-228;1992;7.3;2;0;0;5;6;2;61;5;4;;;0;Matches
116;Jorge Carrascal;COL;MF;Flamengo;28-129;1998;13.1;2;2;0;12;23;3;66;7;20;;;0;Matches
117;André Carrillo;PER;MF;Corinthians;35-109;1991;11.8;3;0;0;29;8;3;22;6;18;;;0;Matches
118;Rafael Carvalheira;BRA;MF;Chapecoense;27-128;1999;9.9;2;0;0;19;4;1;6;9;9;;;0;Matches
119;Mateo Cassierra;COL;FW;Atlético Mineiro;29-171;1997;11.8;1;0;0;11;10;4;0;0;2;;;0;Matches
120;Cássio;BRA;GK;Cruzeiro;39-117;1987;4.7;0;0;0;0;2;0;0;0;0;;;0;Matches
121;Kevin Castaño;COL;MF;Atlético Mineiro;26-002;2000;2.1;1;0;0;4;0;0;0;1;4;;;0;Matches
122;Rodrigo Castillo;ARG;FW;Fluminense;27-217;1999;7.6;2;0;0;26;18;3;0;4;6;;;0;Matches
123;Franco Catarozzi;URU;MF;Remo;26-182;2000;0.3;0;0;0;2;0;0;0;0;0;;;0;Matches
124;Caue;BRA;DF;RB Bragantino;19-292;2006;3.0;1;0;0;6;0;1;8;7;5;;;0;Matches
125;Gustavo Cazonatti;BRA;MF;Mirassol;30-090;1996;3.6;1;0;0;6;6;0;0;4;4;;;0;Matches
126;Murilo Cerqueira;BRA;DF;Palmeiras;29-188;1997;22.0;5;1;1;32;5;0;4;21;17;;;0;Matches
127;Julio Cesar;BRA;DF;Fluminense;19-329;2006;1.9;1;0;0;5;3;0;4;0;5;;;0;Matches
128;Kaio César;BRA;MF;Corinthians;22-228;2004;11.3;2;0;0;12;43;1;29;5;16;;;0;Matches
129;Kayky Chagas;BRA;MF;Internacional;23-112;2003;0.8;0;0;0;0;2;0;3;0;4;;;0;Matches
130;Gabriel Chapecó;BRA;GK;Grêmio;26-186;2000;1.0;0;0;0;0;0;0;0;0;0;;;0;Matches
131;Arthur Chaves;BRA;DF;Botafogo–RJ;25-245;2001;1.0;0;0;0;0;0;0;0;1;0;;;0;Matches
132;Gabriel Chaves;BRA;MF;Cruzeiro;25-232;2001;0.7;0;0;0;1;2;1;0;0;0;;;0;Matches
133;Chico;BRA;MF;Mirassol;35-137;1991;3.0;0;0;0;6;7;0;2;4;5;;;0;Matches
134;Chiqueti;BRA;MF;Athletico–PR;21-029;2005;2.5;1;0;0;8;9;0;5;0;2;;;0;Matches
135;Christian;BRA;MF;Cruzeiro;25-286;2000;13.9;1;0;0;19;20;4;18;15;13;;;0;Matches
136;Mamady Cissé;GUI;MF;Atlético Mineiro;19-273;2007;6.5;2;0;0;13;18;1;6;5;4;;;0;Matches
137;Walter Clar;PAR;DF,MF;Chapecoense;32-004;1994;8.5;0;0;0;3;1;0;19;7;6;;;0;Matches
138;Claudinho;BRA;DF;Vitória;26-007;2000;1.3;0;0;0;0;1;0;2;2;1;;;0;Matches
139;Facundo Colidio;ARG;FW,MF;Vasco da Gama;26-270;2000;4.7;1;0;0;7;15;1;16;1;2;;;0;Matches
140;Robert Conceição;BRA;MF;Chapecoense;23-073;2003;0.2;0;0;0;0;0;0;0;0;1;;;0;Matches
141;Carlos Coronel;PAR;GK;São Paulo;29-276;1996;1.0;0;0;0;0;0;0;0;0;0;;;0;Matches
142;Joaquín Correa;ARG;FW;Botafogo–RJ;32-049;1994;2.0;3;0;0;2;4;0;2;0;2;;;0;Matches
143;Tiago Coser;BRA;DF;Coritiba;22-258;2004;19.1;3;1;0;27;10;0;2;19;10;;;1;Matches
144;Francisco da Costa;BRA;FW;Cruzeiro;31-149;1995;2.1;0;0;0;4;1;0;1;0;1;;;0;Matches
145;João Costa;BRA;MF;Cruzeiro;21-187;2005;2.6;0;0;0;8;2;1;5;1;2;;;0;Matches
146;Philippe Coutinho;BRA;MF;Vasco da Gama;34-111;1992;2.9;0;0;0;0;2;0;15;0;0;;;0;Matches
147;João Cruz;BRA;MF;Athletico–PR;20-142;2006;10.0;3;0;0;16;10;2;61;11;8;;;0;Matches
148;Tomás Cuello;ARG;MF,FW;Atlético Mineiro;26-210;2000;18.4;2;0;0;21;35;16;52;19;17;;;0;Matches
149;Carlos Cuesta;COL;DF;Vasco da Gama;27-206;1999;15.2;1;1;0;21;5;0;8;18;6;;;1;Matches
150;Braian Cufré;ARG;DF,MF;Remo;29-290;1996;0.4;0;0;0;1;0;0;2;2;0;;;0;Matches
151;Cuiabano;BRA;DF;Vasco da Gama;23-227;2003;13.8;4;0;0;20;17;0;93;30;34;;;0;Matches
152;Matheus Cunha;BRA;GK;Cruzeiro;25-130;2001;8.3;1;0;0;0;1;0;0;0;0;;;0;Matches
153;Matheus Cunha;BRA;GK;Internacional;25-130;2001;6.8;1;0;0;0;2;0;0;1;0;;;0;Matches
154;Danielzinho;BRA;MF;São Paulo;31-331;1994;18.5;2;0;0;22;35;0;68;27;17;;;0;Matches
155;Danilo;BRA;DF;Flamengo;35-078;1991;5.9;2;1;1;4;1;0;2;5;4;;;0;Matches
156;Danilo;BRA;FW;Botafogo–RJ;27-177;1999;4.8;0;0;0;8;6;3;1;1;1;;;0;Matches
157;Dantas;BRA;DF;Athletico–PR;22-068;2004;4.8;2;0;0;7;1;0;1;11;8;;;0;Matches
158;David;BRA;FW;Vasco da Gama;30-349;1995;11.0;0;0;0;14;8;12;7;1;6;;;0;Matches
159;Nicolás De La Cruz;URU;MF;Flamengo;29-122;1997;2.7;3;0;0;9;13;0;11;4;4;;;0;Matches
160;Gabriel Delfim;BRA;GK;Atlético Mineiro;24-083;2002;4.0;0;0;0;0;1;0;0;0;0;;;0;Matches
161;Dell;BRA;FW;Bahia;18-114;2008;0.8;0;1;0;4;3;0;0;0;2;;;0;Matches
162;Denilson;BRA;MF;Mirassol;25-192;2001;13.2;6;0;0;35;16;0;6;24;13;;;0;Matches
163;Leonardo Derik;BRA;MF,DF;Athletico–PR;21-069;2005;6.1;0;0;0;1;1;0;18;7;9;;;0;Matches
164;Arthur Dias;BRA;DF;Athletico–PR;19-174;2007;24.6;7;0;0;26;19;1;4;31;25;;;0;Matches
165;Enzo Díaz;ARG;DF;São Paulo;30-298;1995;10.3;7;0;0;23;16;2;40;6;25;;;0;Matches
166;Lautaro Díaz;ARG;FW;Santos;28-133;1998;2.7;0;0;0;2;1;0;1;0;1;;;0;Matches
167;Dieguinho;BRA;MF;Corinthians;19-077;2007;4.1;0;0;0;2;5;1;21;2;2;;;0;Matches
168;Diogenes;BRA;GK;Santos;25-268;2001;3.0;1;0;0;0;0;0;0;0;0;;;0;Matches
169;Dodi;BRA;MF;Grêmio;30-167;1996;3.1;2;0;0;8;1;0;0;2;1;;;0;Matches
170;Dodô;BRA;MF;Remo;32-026;1994;0.3;1;0;0;1;1;0;0;1;0;;;0;Matches
171;Eduardo Doma;BRA;DF;Chapecoense;28-033;1998;24.2;6;1;0;20;3;0;6;23;17;;;0;Matches
172;Domingos;ANG;MF;Botafogo–RJ;23-147;2003;0.2;0;0;0;0;0;0;0;0;1;;;0;Matches
173;Dória;BRA;DF;São Paulo;31-327;1994;2.5;1;0;0;5;2;0;0;5;4;;;0;Matches
174;Thiago dos Santos;BRA;MF;Coritiba;37-026;1989;11.7;7;0;0;26;21;0;2;11;17;;;0;Matches
175;Alexis Duarte;PAR;DF;Santos;26-203;2000;1.0;1;0;0;1;0;0;0;1;0;;;0;Matches
176;Bruno Duarte;BRA;FW;Vasco da Gama;30-191;1996;2.1;0;0;0;2;1;0;5;1;3;;;0;Matches
177;David Duarte;BRA;DF;Bahia;31-250;1995;21.0;4;0;0;18;7;2;0;26;13;;;1;Matches
178;Domingos Duarte;POR;DF;São Paulo;31-205;1995;4.4;0;0;0;4;2;0;0;10;5;;;0;Matches
179;Dudu;BRA;DF;Athletico–PR;29-124;1997;0.4;0;0;0;0;1;0;1;0;0;;;0;Matches
180;Dudu;BRA;MF;Athletico–PR;20-273;2006;8.2;0;0;0;7;4;0;16;9;5;;;0;Matches
181;Dudu;BRA;MF;Vitória;27-118;1999;1.9;0;0;0;2;7;0;0;0;1;;;0;Matches
182;Dudu;BRA;MF;Atlético Mineiro;34-267;1992;4.7;0;0;0;4;12;0;12;2;1;;;0;Matches
183;Dudu;BRA;DF;Chapecoense;29-124;1997;0.8;0;0;0;0;0;0;1;0;1;;;0;Matches
184;Edenilson;BRA;DF;Vitória;21-106;2005;4.5;2;1;0;8;1;0;0;3;12;;;0;Matches
185;Edenílson;BRA;MF;Grêmio;36-287;1989;1.7;0;0;0;1;1;0;1;2;0;;;0;Matches
186;Edenílson;BRA;MF,FW;Botafogo–RJ;36-287;1989;9.1;3;0;0;11;9;1;7;4;5;;;0;Matches
187;Edson;BRA;MF;Remo;28-160;1998;0.1;0;1;0;2;0;0;1;0;1;;;0;Matches
188;Edu;BRA;DF;Vitória;26-107;2000;0.8;0;0;0;0;0;0;0;0;1;;;0;Matches
189;Carlos Eduardo;BRA;MF;Mirassol;36-349;1989;12.4;1;1;0;10;13;0;5;8;5;;;0;Matches
190;Carlos Eduardo;BRA;MF,FW;Mirassol;29-356;1996;7.4;1;0;0;8;17;7;16;3;5;;;0;Matches
191;Luis Eduardo;BRA;DF;Grêmio;18-258;2008;2.0;0;0;0;2;0;0;0;2;2;;;0;Matches
192;Vinicius Eduardo;BRA;DF;Chapecoense;21-225;2005;0.7;1;0;0;1;0;0;2;0;0;;;0;Matches
193;Elias;BRA;DF;Mirassol;27-077;1999;1.2;1;0;0;4;2;0;3;2;1;;;0;Matches
194;Niclas Eliasson;SWE;MF;Internacional;30-298;1995;0.4;0;0;0;1;1;0;4;0;0;;;0;Matches
195;Emerson;BRA;DF;Flamengo;27-260;1999;9.8;0;0;0;17;6;2;36;9;16;;;0;Matches
196;José Enamorado;COL;MF,FW;Grêmio;27-261;1999;11.2;3;0;0;16;34;2;60;5;16;;;0;Matches
197;Ênio;BRA;MF,FW;Chapecoense;25-212;2001;8.7;2;0;0;9;27;4;25;4;3;;;0;Matches
198;Erick;BRA;MF;Bahia;28-321;1997;14.5;6;0;0;24;21;1;3;16;20;;;0;Matches
199;Erick;BRA;MF,FW;Vitória;28-295;1997;20.1;2;0;0;14;50;2;74;2;7;;;0;Matches
200;Gonzalo Escobar;ARG;DF;Santos;29-199;1997;19.6;7;0;0;23;17;1;25;37;26;;;0;Matches
201;Lucas Esquivel;ARG;DF,MF;Athletico–PR;24-352;2001;16.9;1;1;0;30;17;1;106;14;26;;;0;Matches
202;Lucas Evangelista;BRA;MF;Palmeiras;31-148;1995;7.5;2;0;0;10;19;1;7;3;7;;;0;Matches
203;Éverson;BRA;GK;Atlético Mineiro;36-071;1990;23.0;0;0;0;1;8;0;0;1;0;;;0;Matches
204;Everton;BRA;FW,MF;Mirassol;29-198;1997;2.6;0;0;0;1;4;0;13;0;1;;;0;Matches
205;Everton;BRA;DF,MF;Chapecoense;31-174;1995;14.7;6;1;1;17;20;0;51;9;12;;;0;Matches
206;Evertton;BRA;MF;Flamengo;23-215;2003;11.1;4;1;0;20;4;0;2;11;7;;;0;Matches
207;Fabinho;BRA;MF;Coritiba;26-317;1999;2.9;1;0;0;5;2;1;2;3;2;;;0;Matches
208;Fabinho;BRA;MF;RB Bragantino;24-175;2002;6.2;2;2;1;15;9;0;3;9;7;;;0;Matches
209;Fábio;BRA;GK;Fluminense;46-001;1980;28.0;1;0;0;2;7;0;0;2;1;;;0;Matches
210;Fabrício;BRA;FW;Vitória;25-358;2000;2.5;0;0;0;4;3;1;3;1;4;;;0;Matches
211;Fagner;BRA;DF;Cruzeiro;37-112;1989;15.0;3;0;0;22;11;0;61;8;23;;;0;Matches
212;Juan Felipe Aguirre;COL;DF;Athletico–PR;30-033;1996;21.3;3;0;0;32;5;1;0;34;11;;;0;Matches
213;Luiz Felipe;BRA;DF;Internacional;20-135;2006;0.6;0;0;0;0;0;1;5;2;1;;;0;Matches
214;Matheus Felipe;BRA;DF;Remo;27-326;1998;3.0;3;0;0;4;0;0;0;3;3;;;0;Matches
215;Felipinho;BRA;MF;Athletico–PR;24-348;2001;4.8;2;0;0;9;1;0;0;8;7;;;0;Matches
216;Davi Fernandes;BRA;;Santos;18-066;2008;0.5;0;0;0;1;0;0;4;1;0;;;0;Matches
217;Matheus Fernandes;BRA;MF;RB Bragantino;28-093;1998;8.5;2;0;0;14;5;0;4;14;5;;;0;Matches
218;Nathan Fernandes;BRA;DF;Botafogo–RJ;21-227;2005;0.9;0;0;0;2;3;0;1;1;1;;;0;Matches
219;Roger Fernandes;BRA;FW;Grêmio;18-155;2008;0.4;0;0;0;1;0;0;3;0;0;;;0;Matches
220;Fernandinho;BRA;MF,FW;Mirassol;29-074;1997;3.8;1;0;0;9;8;1;5;0;7;;;0;Matches
221;Fernando;BRA;MF,FW;RB Bragantino;27-214;1999;7.4;2;0;0;9;13;3;9;5;6;;;0;Matches
222;Fernando;BRA;DF;Chapecoense;27-017;1999;4.1;2;0;0;9;8;0;8;7;3;;;0;Matches
223;Luiz Fernando;BRA;FW,MF;Athletico–PR;29-350;1996;0.1;0;0;0;1;0;0;0;0;1;;;0;Matches
224;Nahuel Ferraresi;VEN;DF;Botafogo–RJ;27-316;1998;19.2;6;0;0;25;14;2;8;27;30;;;1;Matches
225;Nahuel Ferraresi;VEN;DF;São Paulo;27-316;1998;0.2;0;0;0;1;0;0;0;1;0;;;0;Matches
226;Ferreira;BRA;MF,FW;São Paulo;28-274;1997;8.9;2;0;0;6;25;1;33;2;6;;;0;Matches
227;Djhordney Ferreira;BRA;MF;São Paulo;19-106;2007;2.6;2;0;0;11;2;0;1;5;6;;;0;Matches
228;Nicolás Ferreira;URU;MF;Remo;24-236;2002;0.2;0;0;0;2;0;0;2;0;0;;;0;Matches
229;Riquelme Fillipi;BRA;FW;Palmeiras;20-016;2006;0.7;0;0;0;2;1;0;1;1;0;;;0;Matches
230;Nathan Fogaça;BRA;FW;Mirassol;27-114;1999;3.9;2;0;0;12;6;4;7;0;0;;;0;Matches
231;Nicolas Fonseca;URU;MF;Coritiba;27-347;1998;0.5;1;0;0;3;0;0;0;1;2;;;0;Matches
232;Jeferson Forneck;BRA;MF;Grêmio;19-291;2006;0.1;0;0;0;0;0;0;0;0;1;;;0;Matches
233;Matheus França;BRA;FW;Vasco da Gama;22-183;2004;0.7;0;0;0;2;0;0;1;1;0;;;0;Matches
234;Ryan Francisco;BRA;FW;São Paulo;19-314;2006;0.1;0;0;0;1;0;0;0;0;0;;;0;Matches
235;Alan Franco;ARG;DF;São Paulo;29-355;1996;11.9;3;0;0;11;2;0;1;8;6;;;0;Matches
236;Alan Franco;ECU;MF,DF;Atlético Mineiro;28-041;1998;18.0;5;0;0;29;8;2;6;19;15;;;0;Matches
237;Fred;BRA;MF;Atlético Mineiro;33-210;1993;3.0;1;0;0;8;13;0;6;2;0;;;0;Matches
238;Joaquín Freitas;ARG;FW;Flamengo;19-303;2006;0.2;0;0;0;1;3;0;1;0;1;;;0;Matches
239;Lucas Freitas;BRA;DF;Vasco da Gama;25-254;2001;1.0;0;0;0;1;1;0;0;0;2;;;0;Matches
240;Marlon Freitas;BRA;MF;Palmeiras;31-188;1995;24.8;6;0;0;28;2;1;7;23;16;;;0;Matches
241;Riquelme Freitas;BRA;MF;Grêmio;20-049;2006;0.6;2;1;1;3;2;0;0;0;1;;;0;Matches
242;Juan Freytes;ARG;DF;Fluminense;26-263;2000;18.1;5;0;0;14;11;0;5;14;10;;;0;Matches
243;Adonis Frías;ARG;DF;Santos;28-198;1998;8.5;2;0;0;7;5;0;1;10;10;;;0;Matches
244;Bruno Fuchs;BRA;DF;Palmeiras;27-183;1999;6.6;0;0;0;7;1;0;2;9;9;;;0;Matches
245;Gabriel;BRA;MF;RB Bragantino;34-083;1992;14.1;5;0;0;17;8;1;10;10;12;;;0;Matches
246;Gabriel;BRA;DF;Bahia;25-148;2001;4.8;2;0;0;2;2;0;0;6;4;;;0;Matches
247;Gabriel;BRA;MF;Mirassol;33-013;1993;2.8;1;0;0;5;7;0;15;5;1;;;0;Matches
248;Gabriel;BRA;GK;Vitória;34-004;1992;4.0;0;0;0;0;2;0;0;0;0;;;0;Matches
249;Pedro Gabriel;BRA;DF,MF;Grêmio;19-117;2007;12.3;7;0;0;22;3;0;45;11;14;;;0;Matches
250;Rhuan Gabriel;BRA;MF;Cruzeiro;20-237;2006;0.1;0;0;0;1;3;0;0;0;0;;;0;Matches
251;Victor Gabriel;BRA;DF;Internacional;22-156;2004;13.2;6;1;0;25;9;0;5;17;13;;;0;Matches
252;Antonio Galeano;PAR;MF;Mirassol;26-193;2000;3.2;1;0;0;2;7;1;6;1;0;;;0;Matches
253;Antonio Galeano;PAR;MF,FW;Remo;26-193;2000;4.5;1;0;0;3;12;1;10;1;1;;;0;Matches
254;Ganso;BRA;MF;Fluminense;36-354;1989;8.1;2;0;0;11;11;1;26;2;10;;;0;Matches
255;Maurício Garcez;BRA;MF,FW;Chapecoense;29-199;1997;8.9;0;0;0;9;13;2;6;1;8;;;0;Matches
256;Rodrigo Garro;ARG;MF,FW;Corinthians;28-270;1998;19.8;8;0;0;27;73;2;118;10;7;;;0;Matches
257;Rodrigo Gelado;BRA;DF;Coritiba;23-003;2003;0.5;0;0;0;1;0;0;6;1;1;;;0;Matches
258;Gerson;BRA;MF;Cruzeiro;29-134;1997;19.9;5;0;0;29;49;5;15;12;24;;;0;Matches
259;Agustín Giay;ARG;DF,MF;Palmeiras;22-258;2004;17.3;5;0;0;26;34;1;44;14;30;;;0;Matches
260;Gilberto;BRA;DF;Bahia;33-208;1993;5.4;0;0;0;3;2;0;19;5;3;;;0;Matches
261;Gilberto;BRA;MF;Athletico–PR;33-208;1993;6.8;0;0;0;2;1;1;22;9;7;;;0;Matches
262;Johnny Góes;BRA;DF;Flamengo;19-188;2007;0.2;0;0;0;0;0;0;0;0;0;;;0;Matches
263;Bruno Gomes;BRA;DF,MF;Internacional;25-180;2001;24.8;4;0;0;29;48;0;60;21;38;;;0;Matches
264;Davi Gomes;BRA;FW;RB Bragantino;21-117;2005;0.3;0;0;0;0;0;0;3;0;1;;;0;Matches
265;Igor Gomes;BRA;MF;Atlético Mineiro;27-198;1999;3.6;1;0;0;6;5;1;8;4;2;;;0;Matches
266;Andrés Gómez;COL;MF;Vasco da Gama;24-019;2002;21.5;9;0;0;28;35;6;115;14;22;;;0;Matches
267;Gustavo Gómez;PAR;DF;Palmeiras;33-148;1993;24.4;2;0;0;26;4;6;4;21;19;;;0;Matches
268;Román Gómez;ARG;DF;Bahia;22-079;2004;11.8;2;0;0;16;11;0;11;23;18;;;0;Matches
269;Sebastián Gómez;COL;MF;Coritiba;30-120;1996;21.4;3;0;0;31;22;0;6;25;24;;;0;Matches
270;Nuno Gonçalo Moreira;POR;MF;Vasco da Gama;27-107;1999;10.4;3;0;0;13;9;1;44;6;5;;;0;Matches
271;Caíque Gonçalves;BRA;MF,DF;Vitória;30-356;1995;19.3;5;0;0;23;24;0;1;21;30;;;0;Matches
272;Rafael Gonzaga;BRA;DF;Santos;18-236;2008;0.5;0;0;0;2;0;0;3;1;2;;;0;Matches
273;Guga;BRA;DF;Fluminense;28-033;1998;12.4;3;0;0;14;10;1;35;8;12;;;0;Matches
274;Zé Guilherme;BRA;DF,MF;Bahia;21-199;2005;4.1;3;0;0;5;6;0;21;8;6;;;0;Matches
275;Gustavinho;BRA;MF;RB Bragantino;22-161;2004;7.6;1;0;0;15;6;0;31;4;16;;;0;Matches
276;Gustavo;BRA;MF;Coritiba;24-020;2002;0.7;0;0;0;0;1;0;2;0;0;;;0;Matches
277;Luiz Gustavo;BRA;MF;Athletico–PR;39-070;1987;19.2;4;0;0;27;24;0;3;23;12;;;0;Matches
278;Heitor;BRA;DF;Chapecoense;25-330;2000;3.0;0;0;0;4;1;0;10;11;4;;;0;Matches
279;Bruno Henrique;BRA;MF,FW;Flamengo;35-275;1990;7.2;4;0;0;16;17;4;11;4;6;;;1;Matches
280;Bruno Henrique;BRA;MF;Internacional;36-345;1989;16.1;1;0;0;31;9;1;56;13;11;;;0;Matches
281;Gustavo Henrique;BRA;MF;Santos;21-177;2005;11.0;6;1;1;20;21;0;7;20;26;;;0;Matches
282;Gustavo Henrique;BRA;DF;Corinthians;33-191;1993;23.0;3;0;0;20;11;0;1;21;8;;;0;Matches
283;Matheus Henrique;BRA;MF;Cruzeiro;28-286;1997;14.9;3;0;0;18;25;0;6;16;14;;;0;Matches
284;Paulo Henrique;BRA;DF;Vasco da Gama;30-068;1996;15.0;5;0;0;22;22;1;59;14;21;;;0;Matches
285;Pedro Henrique;BRA;DF;RB Bragantino;30-364;1995;13.7;3;0;0;8;12;1;6;14;11;;;0;Matches
286;Hércules;BRA;MF;Fluminense;25-346;2000;14.7;3;0;0;34;10;2;8;7;18;;;0;Matches
287;Diego Hernández;URU;MF;Remo;26-101;2000;1.8;2;0;0;7;1;0;13;2;4;;;0;Matches
288;Jhoan Hernández;COL;DF;Botafogo–RJ;20-223;2006;0.5;0;0;0;0;0;0;1;0;0;;;0;Matches
289;José Herrera;ARG;MF,FW;RB Bragantino;23-168;2003;13.0;4;0;0;23;10;2;36;4;12;;;0;Matches
290;Marino Hinestroza;COL;MF;Vasco da Gama;24-085;2002;4.1;0;0;0;6;14;0;17;1;7;;;0;Matches
291;Victor Hugo;BRA;MF,FW;Atlético Mineiro;22-143;2004;17.0;1;0;0;5;19;0;28;9;7;;;0;Matches
292;Vitor Hugo;BRA;DF;Atlético Mineiro;35-134;1991;10.1;2;0;0;7;4;1;0;10;6;;;0;Matches
293;Huguinho;BRA;MF;Botafogo–RJ;19-178;2007;10.8;5;0;0;22;20;0;0;16;12;;;0;Matches
294;Hulk;BRA;FW;Fluminense;40-068;1986;7.2;1;0;0;4;22;4;44;1;2;;;0;Matches
295;Hulk;BRA;FW,MF;Atlético Mineiro;40-068;1986;10.1;1;0;0;8;32;3;42;0;3;;;0;Matches
296;José Hurtado;ECU;DF;RB Bragantino;24-282;2001;13.7;2;0;0;10;6;0;38;17;8;;;0;Matches
297;Iago;BRA;DF;Bahia;29-192;1997;1.5;0;0;0;3;1;0;7;0;1;;;0;Matches
298;Iago;BRA;MF,DF;São Paulo;29-192;1997;3.7;0;0;0;4;6;0;20;5;5;;;0;Matches
299;Ignácio;BRA;DF;Fluminense;29-304;1996;11.6;4;0;0;11;10;0;3;13;11;;;0;Matches
300;Isaac;BRA;MF;Athletico–PR;22-160;2004;0.5;0;0;0;1;0;0;1;0;1;;;0;Matches
301;Italo;BRA;MF,FW;Chapecoense;23-353;2002;7.9;1;0;0;6;10;5;20;5;4;;;0;Matches
302;Zé Ivaldo;BRA;DF;Remo;29-222;1997;5.0;2;0;0;2;1;0;0;5;3;;;0;Matches
303;Zé Ivaldo;BRA;DF;Santos;29-222;1997;4.0;1;0;0;3;4;0;0;11;3;;;1;Matches
304;Ivan;BRA;GK;Remo;29-091;1997;1.0;0;0;0;0;0;0;0;0;0;;;0;Matches
305;Jacy;BRA;DF;Coritiba;29-082;1997;20.0;2;1;0;17;27;1;0;23;30;;;0;Matches
306;Jáderson;BRA;MF;Remo;26-050;2000;2.6;0;0;0;3;7;0;4;0;2;;;0;Matches
307;Jadson;BRA;MF;Athletico–PR;33-032;1993;17.0;5;0;0;24;24;0;12;17;29;;;0;Matches
308;Jair;BRA;MF;Vasco da Gama;32-036;1994;1.7;0;0;0;2;4;0;1;4;1;;;0;Matches
309;Jajá;BRA;MF,FW;Remo;27-323;1998;15.1;2;1;0;17;22;7;33;7;12;;;0;Matches
310;Jamerson;BRA;DF;Vitória;28-022;1998;11.6;1;0;0;5;14;0;38;16;21;;;0;Matches
311;Léo Jardim;BRA;GK;Vasco da Gama;31-195;1995;27.0;1;0;0;1;3;0;0;0;0;;;0;Matches
312;Jefté;BRA;DF;Palmeiras;22-284;2003;2.7;1;0;0;5;1;2;5;3;7;;;0;Matches
313;Jemmes;BRA;DF;Fluminense;26-175;2000;15.0;3;0;0;13;9;1;0;19;11;;;0;Matches
314;Claudio Jesus;BRA;MF;Athletico–PR;20-340;2005;4.7;0;0;0;8;6;0;13;5;7;;;0;Matches
315;Felipe Jonatan;BRA;DF,MF;Coritiba;28-228;1998;7.8;0;0;0;5;6;1;23;2;9;;;0;Matches
316;Jonathan;BRA;DF;Cruzeiro;22-127;2004;15.9;4;0;0;19;6;1;1;32;22;;;0;Matches
317;Kaio Jorge;BRA;FW;Cruzeiro;24-250;2002;17.7;2;0;0;5;23;6;12;4;3;;;0;Matches
318;Jorginho;ITA;MF;Flamengo;34-285;1991;18.1;4;1;0;20;28;0;9;19;13;;;0;Matches
319;Willian José;BRA;FW;Bahia;34-312;1991;12.6;0;0;0;15;6;0;1;2;3;;;0;Matches
320;Joshua;BRA;MF;Flamengo;19-128;2007;0.1;0;0;0;1;0;0;0;0;0;;;0;Matches
321;Luciano Juba;BRA;DF;Bahia;27-033;1999;21.8;4;0;0;16;17;0;68;21;23;;;0;Matches
322;Julimar;BRA;MF,FW;Athletico–PR;25-249;2001;8.0;2;0;0;13;4;1;19;4;5;;;0;Matches
323;Juninho;BRA;DF;Internacional;30-279;1995;3.4;0;0;0;0;0;0;2;4;3;;;0;Matches
324;Gilberto Júnior;BRA;MF;Athletico–PR;21-188;2005;3.2;0;0;0;3;3;1;27;1;6;;;0;Matches
325;Kauê Junior;BRA;MF;Bahia;17-216;2009;2.3;1;0;0;4;9;0;6;1;4;;;0;Matches
326;Robinho Junior;BRA;MF;Santos;18-288;2007;0.5;0;0;0;1;1;0;1;1;1;;;0;Matches
327;Gabriel Justino;BRA;DF;Botafogo–RJ;20-168;2006;10.0;3;0;0;7;13;0;0;7;11;;;0;Matches
328;Walter Kannemann;ARG;DF;Grêmio;35-201;1991;3.5;4;0;0;5;1;0;0;4;4;;;0;Matches
329;Kanu;BRA;DF;Bahia;29-208;1997;4.6;2;0;0;6;2;2;0;4;2;;;0;Matches
330;Kauan;BRA;DF;Chapecoense;23-177;2003;7.0;1;0;0;6;2;0;1;8;1;;;1;Matches
331;Kauê;BRA;GK;Corinthians;22-235;2004;4.0;2;0;0;0;1;0;0;0;0;;;0;Matches
332;Kayke;BRA;MF;Corinthians;22-156;2004;2.6;0;0;0;1;3;0;6;0;8;;;0;Matches
333;Renato Kayser;BRA;FW;Vitória;30-226;1996;9.0;3;0;0;20;14;12;10;8;0;;;0;Matches
334;Kenji;BRA;MF;Cruzeiro;20-244;2006;4.0;3;0;0;5;4;0;16;1;3;;;0;Matches
335;John Kennedy;BRA;FW;Fluminense;24-136;2002;12.5;0;1;0;19;9;2;1;0;8;;;0;Matches
336;Keno;BRA;FW,MF;Coritiba;37-021;1989;1.5;0;0;0;2;5;1;4;0;2;;;0;Matches
337;Khellven;BRA;DF,MF;Palmeiras;25-218;2001;9.9;3;0;0;20;8;1;25;8;15;;;1;Matches
338;Gabriel Knesowitsch;BRA;DF;Mirassol;22-348;2003;5.8;2;0;0;7;1;0;0;16;3;;;0;Matches
339;Filip Krovinović;CRO;MF;Grêmio;31-033;1995;5.2;0;0;0;6;2;0;6;3;3;;;0;Matches
340;Zakaria Labyad;MAR;MF;Corinthians;33-206;1993;2.6;1;0;0;6;3;0;14;0;3;;;0;Matches
341;Larson;BRA;MF;Palmeiras;21-083;2005;0.8;1;0;0;4;1;0;0;0;1;;;0;Matches
342;Joaquín Lavega;URU;MF;Coritiba;21-240;2005;16.0;4;0;0;18;13;3;23;6;13;;;0;Matches
343;Lawan;BRA;FW;Vitória;21-129;2005;0.1;1;0;0;1;0;0;0;0;0;;;0;Matches
344;Léo;BRA;GK;Bahia;36-009;1990;8.5;0;0;0;0;1;0;0;0;0;;;0;Matches
345;Léo;BRA;GK;Chapecoense;36-009;1990;7.0;1;0;0;0;2;0;0;0;1;;;0;Matches
346;Bruno Leonardo;BRA;DF;Chapecoense;30-121;1996;14.5;3;0;0;15;10;1;1;17;7;;;1;Matches
347;Hugo Leonardo;BRA;MF;São Paulo;22-255;2004;0.2;0;0;0;0;0;0;0;0;0;;;0;Matches
348;Leozinho;BRA;MF;Athletico–PR;27-300;1998;7.2;1;0;0;9;11;0;18;4;6;;;0;Matches
349;Alan Lescano;ARG;MF;Vasco da Gama;24-324;2001;1.0;0;0;0;1;1;0;3;1;1;;;0;Matches
350;Lima;BRA;FW,MF;Santos;30-112;1996;0.6;0;0;0;2;1;0;0;0;0;;;0;Matches
351;Lima;BRA;FW,MF;Fluminense;30-112;1996;0.0;1;0;0;1;0;0;0;0;0;;;0;Matches
352;Pedro Lima;BRA;MF;São Paulo;20-092;2006;0.8;0;0;0;2;2;0;4;1;0;;;0;Matches
353;Leonardo Linck;BRA;GK;Botafogo–RJ;25-212;2001;1.0;0;0;0;0;0;0;0;0;0;;;0;Matches
354;Jesse Lingard;ENG;MF,FW;Corinthians;33-290;1992;7.9;2;0;0;19;9;1;23;1;4;;;0;Matches
355;Samuel Lino;BRA;MF;Flamengo;26-282;1999;19.8;3;0;0;23;46;4;46;10;28;;;0;Matches
356;Vinicius Lira;BRA;DF;Santos;18-354;2007;3.9;1;0;0;6;0;0;12;4;4;;;0;Matches
357;Renan Lodi;BRA;DF,MF;Atlético Mineiro;28-176;1998;21.9;4;1;0;36;49;6;70;19;17;;;0;Matches
358;Marcelo Lomba;BRA;GK;Palmeiras;39-287;1986;1.0;0;0;0;0;0;0;0;0;0;;;0;Matches
359;Bruno Lopes;BRA;FW;Vasco da Gama;19-068;2007;0.2;0;0;0;1;0;0;0;0;0;;;0;Matches
360;Flaco López;ARG;FW,MF;Palmeiras;25-299;2000;21.2;2;0;0;37;53;15;21;6;17;;;0;Matches
361;Renzo López;URU;FW;Vitória;32-168;1994;1.5;0;0;0;10;4;0;0;0;1;;;0;Matches
362;Lorran;BRA;MF;Flamengo;20-089;2006;1.3;0;0;0;6;1;0;5;1;1;;;0;Matches
363;Lucas;BRA;MF;Vitória;27-035;1999;0.6;1;0;0;0;3;0;4;0;2;;;0;Matches
364;Ayrton Lucas;BRA;DF;Flamengo;29-104;1997;12.1;0;0;0;15;6;0;26;6;14;;;0;Matches
365;Jean Lucas;BRA;MF;Bahia;28-101;1998;18.1;3;0;0;36;19;1;14;14;18;;;0;Matches
366;João Lucas;BRA;DF;Remo;28-206;1998;5.4;3;0;0;8;6;0;16;7;11;;;0;Matches
367;Zé Lucas;BRA;MF;Cruzeiro;18-192;2008;3.0;0;0;0;7;9;0;1;6;4;;;0;Matches
368;Luciano;BRA;MF,FW;São Paulo;33-136;1993;18.1;4;0;0;24;37;8;17;5;14;;;0;Matches
369;Luighi;BRA;FW;Palmeiras;20-154;2006;1.8;2;0;0;7;6;0;1;0;3;;;0;Matches
370;André Luis;BRA;FW;Mirassol;32-206;1994;6.7;1;0;0;9;14;1;0;0;1;;;0;Matches
371;José Luis Rodríguez;URU;DF,MF;Vasco da Gama;29-201;1997;12.7;2;0;0;5;2;1;70;9;12;;;0;Matches
372;Victor Luis;BRA;DF;Mirassol;33-100;1993;3.6;2;0;0;8;2;1;11;4;3;;;0;Matches
373;Wallisson Luiz;BRA;MF;Mirassol;29-008;1997;3.3;1;1;0;8;9;0;2;5;7;;;0;Matches
374;Wallisson Luiz;BRA;MF;Coritiba;29-008;1997;4.8;3;0;0;16;8;0;1;14;8;;;0;Matches
375;Lyanco;BRA;DF;Atlético Mineiro;29-242;1997;7.0;4;1;1;10;6;0;2;9;6;;;0;Matches
376;Willian Machado;BRA;DF;Mirassol;29-322;1996;22.3;4;0;0;20;13;0;5;26;20;;;0;Matches
377;Pablo Maia;BRA;MF;São Paulo;24-264;2002;11.7;3;0;0;28;13;0;3;11;8;;;0;Matches
378;Thiago Maia;BRA;MF;Internacional;29-192;1997;3.5;0;0;0;4;2;1;2;8;4;;;0;Matches
379;Maicon;BRA;DF;Coritiba;38-017;1988;11.8;0;1;0;6;4;1;0;7;6;;;0;Matches
380;Maik;BRA;DF,MF;São Paulo;21-271;2005;4.1;0;0;0;3;1;0;5;3;6;;;0;Matches
381;Alef Manga;BRA;MF,FW;Remo;31-306;1994;19.6;1;0;0;19;23;21;28;7;14;;;0;Matches
382;Fernando Marçal;BRA;DF;Botafogo–RJ;37-224;1989;4.9;4;1;1;13;3;0;20;4;6;;;0;Matches
383;Marcelinho;BRA;DF,MF;Remo;28-073;1998;20.3;3;0;0;8;33;2;97;20;13;;;0;Matches
384;Marcelinho;BRA;MF;RB Bragantino;22-046;2004;2.4;0;0;0;5;3;2;8;0;0;;;0;Matches
385;João Marcelo;BRA;DF;Cruzeiro;26-110;2000;10.6;2;0;0;13;9;0;0;11;8;;;0;Matches
386;Marcinho;BRA;MF,FW;Chapecoense;31-115;1995;17.5;2;0;0;20;20;4;49;3;16;;;0;Matches
387;Zé Marcos;BRA;DF;Vitória;28-242;1998;1.8;1;0;0;5;1;0;0;3;2;;;0;Matches
388;Marinho;BRA;FW,MF;Vitória;36-125;1990;4.3;2;0;0;13;22;2;4;4;9;;;0;Matches
389;Guillermo Maripán;CHI;DF;Internacional;32-148;1994;8.7;2;0;0;15;3;1;0;15;7;;;0;Matches
390;Marlon;BRA;DF;Grêmio;29-134;1997;9.2;3;0;0;12;12;1;38;11;18;;;0;Matches
391;Marlon;BRA;DF,MF;Remo;32-230;1994;5.9;1;0;0;6;4;0;29;6;4;;;0;Matches
392;Gustavo Marques;BRA;DF;RB Bragantino;24-357;2001;22.4;3;0;0;18;18;1;4;23;23;;;0;Matches
393;Igor Marques;BRA;DF,MF;Mirassol;27-266;1999;22.1;3;0;0;37;9;0;71;42;41;;;0;Matches
394;Lucca Marques;BRA;MF;São Paulo;19-109;2007;1.3;0;0;0;2;0;0;6;2;1;;;0;Matches
395;Renato Marques;BRA;FW;Mirassol;22-296;2003;0.7;0;0;0;3;2;0;0;0;0;;;0;Matches
396;Renato Marques;BRA;FW;Coritiba;22-296;2003;1.4;0;1;0;1;2;0;0;0;0;;;0;Matches
397;Marquinhos;BRA;DF;Botafogo–RJ;19-228;2007;0.1;0;0;0;0;0;0;0;0;1;;;0;Matches
398;Marquinhos;BRA;MF;Cruzeiro;23-177;2003;0.9;0;0;0;2;3;0;1;1;0;;;0;Matches
399;Martinelli;BRA;MF;Fluminense;25-144;2001;18.1;5;0;0;27;13;0;1;22;11;;;0;Matches
400;Emiliano Martínez;URU;MF,DF;Palmeiras;27-045;1999;5.3;1;0;0;8;4;0;6;16;7;;;0;Matches
401;Emmanuel Martínez;ARG;MF;Vitória;32-119;1994;18.2;8;0;0;33;33;1;6;17;18;;;0;Matches
402;Andre Martins;BRA;MF;Grêmio;24-288;2001;1.2;3;0;0;4;1;0;0;1;2;;;0;Matches
403;David Martins;BRA;MF;Bahia;19-016;2007;0.3;0;0;0;1;0;0;0;0;1;;;0;Matches
404;Matheus Martins;BRA;MF,FW;Botafogo–RJ;23-077;2003;12.6;2;0;0;10;25;0;17;5;13;;;0;Matches
405;Gustavo Martins Santos;BRA;DF;Grêmio;24-051;2002;17.4;6;0;0;22;7;1;1;24;20;;;1;Matches
406;Matheusinho;BRA;MF,FW;Vitória;28-348;1997;17.1;4;0;0;12;39;1;49;11;9;;;0;Matches
407;Matheusinho;BRA;DF;Vitória;27-359;1998;4.7;1;0;0;3;7;1;30;8;8;;;0;Matches
408;Matheuzinho;BRA;DF;Corinthians;26-023;2000;21.2;5;1;0;24;16;4;94;30;25;;;1;Matches
409;Bruno Matias;BRA;MF;Chapecoense;27-219;1999;4.3;1;0;0;6;3;0;1;1;7;;;0;Matches
410;Mauricio;PAR;MF,FW;Palmeiras;25-132;2001;16.2;2;0;0;16;19;2;15;11;7;;;0;Matches
411;Max;BRA;MF;Chapecoense;25-142;2001;1.4;0;0;0;2;1;0;2;1;2;;;0;Matches
412;Maycon;BRA;MF;Atlético Mineiro;29-078;1997;13.0;0;0;0;12;7;0;29;15;4;;;0;Matches
413;Mayk;BRA;DF;Remo;27-031;1999;13.8;0;0;0;4;7;0;46;18;7;;;0;Matches
414;Mayke;BRA;DF;Santos;33-325;1992;2.4;1;0;0;4;4;0;4;1;1;;;0;Matches
415;Gabriel Mec;BRA;MF,FW;Grêmio;18-173;2008;8.0;3;0;0;9;19;0;6;8;8;;;0;Matches
416;Cristian Medina;ARG;MF;Botafogo–RJ;24-122;2002;16.2;4;1;0;19;31;1;7;18;18;;;0;Matches
417;Arthur Melo;BRA;MF;Grêmio;30-050;1996;9.0;1;0;0;8;31;1;3;10;4;;;0;Matches
418;Arthur Melo;BRA;MF;Santos;30-050;1996;1.6;0;0;0;2;8;0;3;1;0;;;0;Matches
419;Bruno Melo;BRA;DF;Coritiba;33-340;1992;22.6;2;1;0;9;14;3;23;15;19;;;0;Matches
420;Eduardo Melo;BRA;FW;Remo;25-141;2001;0.4;0;0;0;0;0;1;0;0;0;;;0;Matches
421;Memphis;NED;FW;Corinthians;32-230;1994;8.2;1;0;0;6;15;2;36;0;0;;;0;Matches
422;Nathan Mendes;BRA;DF;Vitória;24-043;2002;11.8;3;0;0;15;11;0;8;17;15;;;0;Matches
423;Thiago Mendes;BRA;MF;Vasco da Gama;34-200;1992;22.2;8;0;0;18;48;1;10;17;14;;;0;Matches
424;Vinicius Mendonça;BRA;MF,FW;RB Bragantino;22-223;2004;6.3;0;0;0;4;20;0;23;3;7;;;0;Matches
425;Stiven Mendoza;COL;MF;Athletico–PR;34-096;1992;25.6;0;0;0;16;18;3;50;16;15;;;0;Matches
426;Gabriel Menegon;BRA;GK;Grêmio;17-352;2008;0.1;0;0;0;0;0;0;0;0;0;;;0;Matches
427;Gabriel Menino;BRA;MF,DF;Santos;26-002;2000;6.2;2;0;0;8;15;1;35;11;11;;;0;Matches
428;Gabriel Mercado;ARG;DF;Internacional;39-197;1987;17.4;7;0;0;17;10;1;3;20;20;;;0;Matches
429;Higor Meritão;BRA;MF;Chapecoense;32-100;1994;6.9;1;0;0;17;4;0;0;4;18;;;0;Matches
430;Carlos Miguel;BRA;GK;Palmeiras;27-357;1998;27.0;3;0;0;0;11;0;0;0;0;;;0;Matches
431;Pedro Milans;URU;DF;Corinthians;24-191;2002;5.0;0;0;0;7;7;1;7;10;5;;;0;Matches
432;Julián Millán;COL;DF;Fluminense;28-188;1998;6.8;1;0;0;7;0;0;0;4;1;;;0;Matches
433;Alan Minda;ECU;MF,FW;Atlético Mineiro;23-140;2003;7.6;0;0;0;2;9;2;14;2;3;;;0;Matches
434;Moises;BRA;MF;Santos;30-029;1996;4.2;0;0;0;5;6;0;3;2;1;;;0;Matches
435;Rodrigo Moledo;BRA;DF;Coritiba;38-339;1987;4.7;0;0;0;1;6;0;2;7;3;;;0;Matches
436;Miguel Monsalve;COL;MF;Grêmio;22-216;2004;3.6;1;0;0;7;9;0;0;1;2;;;0;Matches
437;Rafael Monti;ARG;FW;Remo;26-297;1999;0.2;0;0;0;0;0;0;0;0;0;;;0;Matches
438;Álvaro Montoro;ARG;MF,FW;Botafogo–RJ;19-167;2007;18.7;5;0;0;19;32;0;32;15;14;;;0;Matches
439;Lucas Monzón;URU;DF;Botafogo–RJ;25-002;2001;5.3;2;0;0;5;2;0;0;6;7;;;1;Matches
440;Kauã Moraes;BRA;DF;Cruzeiro;20-094;2006;5.1;2;0;0;14;13;0;16;3;11;;;0;Matches
441;Breno de Moraes Souza;BRA;DF;RB Bragantino;18-098;2008;0.1;0;0;0;1;1;0;0;1;0;;;0;Matches
442;Felipe Morais;BRA;MF;Cruzeiro;18-033;2008;1.9;2;0;0;8;4;0;3;2;4;;;0;Matches
443;Santiago Moreno;COL;FW,MF;Fluminense;26-163;2000;0.2;0;0;0;1;0;0;2;0;0;;;0;Matches
444;Pedro Morisco;BRA;GK;Coritiba;22-264;2004;11.6;1;0;0;1;3;0;0;1;0;;;0;Matches
445;Henry Mosquera;COL;MF,FW;RB Bragantino;24-320;2001;14.2;5;0;0;22;16;6;41;4;9;;;0;Matches
446;Hugo Moura;BRA;MF;Vasco da Gama;28-271;1998;6.5;0;0;0;9;8;0;0;6;4;;;0;Matches
447;Lucas Moura;BRA;MF,FW;São Paulo;34-049;1992;3.6;0;0;0;5;6;0;3;1;0;;;0;Matches
448;Neto Moura;BRA;MF;Mirassol;30-056;1996;11.2;6;0;0;14;6;0;6;11;8;;;0;Matches
449;Alex Muralha;BRA;GK;Mirassol;36-325;1989;2.5;2;0;0;0;0;0;0;0;0;;;0;Matches
450;Mycael;BRA;GK;Athletico–PR;22-203;2004;4.0;1;0;0;1;1;0;0;0;0;;;0;Matches
451;Nadson;BRA;FW;Santos;17-250;2009;0.3;0;0;0;0;2;0;2;1;2;;;0;Matches
452;Juan Nardoni;ARG;MF;Grêmio;24-079;2002;11.7;2;0;0;21;21;1;4;17;8;;;0;Matches
453;Bruno Nascimento;BRA;FW,MF;Palmeiras;29-208;1997;0.1;0;0;0;0;0;0;0;0;0;;;0;Matches
454;Bruno Nascimento;BRA;FW,MF;Cruzeiro;29-208;1997;5.6;0;0;0;9;13;6;10;1;6;;;0;Matches
455;Lucas Emanuel Jales do Nascimento;BRA;FW;Botafogo–RJ;17-120;2009;1.2;0;0;0;3;2;0;0;1;1;;;0;Matches
456;Matheus Nascimento;BRA;FW;Grêmio;22-212;2004;0.2;0;0;0;1;0;0;1;0;0;;;0;Matches
457;Wesley Natã;BRA;FW;Fluminense;18-166;2008;0.2;0;0;0;1;0;0;2;0;0;;;0;Matches
458;Natanael;BRA;DF,MF;Atlético Mineiro;24-269;2002;16.7;0;1;0;16;30;4;26;19;19;;;0;Matches
459;Gui Negão;BRA;FW;Corinthians;19-237;2007;3.6;0;0;0;6;3;0;3;1;8;;;0;Matches
460;Felipe Negrucci;BRA;DF;São Paulo;22-150;2004;0.1;0;0;0;2;0;0;0;0;0;;;0;Matches
461;Negueba;BRA;MF,FW;Mirassol;26-302;1999;8.7;3;0;0;5;19;0;66;10;7;;;0;Matches
462;Neris;BRA;DF;Vitória;34-106;1992;2.0;0;0;0;1;0;0;0;1;1;;;0;Matches
463;Rodrigo Nestor;BRA;MF;Bahia;26-053;2000;14.5;5;0;0;26;12;1;119;15;9;;;0;Matches
464;Neto;BRA;GK;Botafogo–RJ;37-074;1989;9.5;0;1;0;0;1;0;0;0;0;;;0;Matches
465;Newton;BRA;DF;Botafogo–RJ;26-203;2000;4.5;2;0;0;3;5;0;0;4;8;;;0;Matches
466;Newton;BRA;MF,DF;São Paulo;26-203;2000;2.0;0;0;0;3;2;0;5;1;2;;;0;Matches
467;Neymar;BRA;MF,FW;Santos;34-238;1992;11.6;7;0;0;18;49;8;57;2;6;;;0;Matches
468;Nicolas;BRA;DF;São Paulo;19-176;2007;0.0;0;0;0;0;0;0;0;0;0;;;0;Matches
469;Saúl Ñíguez;ESP;MF;Flamengo;31-314;1994;2.6;0;0;0;4;1;0;2;3;6;;;0;Matches
470;Nonato;BRA;MF;Fluminense;28-212;1998;10.7;6;0;0;19;13;0;3;16;12;;;0;Matches
471;Erick Noriega;PER;MF;Grêmio;24-344;2001;17.4;6;0;0;35;20;0;2;21;16;;;0;Matches
472;Jhuan Nunes Coelho;BRA;FW;RB Bragantino;19-120;2007;0.2;0;0;0;0;0;0;0;0;2;;;0;Matches
473;Brian Ocampo;URU;MF;Coritiba;27-098;1999;0.4;0;0;0;1;1;0;5;0;1;;;0;Matches
474;Christian Oliva;URU;MF;Santos;30-122;1996;13.9;0;0;0;28;12;0;7;16;18;;;0;Matches
475;Lucas Oliveira;BRA;DF,MF;Mirassol;30-241;1996;6.2;2;0;0;3;2;1;0;7;6;;;0;Matches
476;Cauly Oliveira Souza;BRA;MF,FW;São Paulo;31-016;1995;7.8;0;0;0;14;14;0;41;4;7;;;0;Matches
477;Cristian Olivera;URU;FW,MF;Bahia;24-167;2002;14.2;3;0;0;14;39;7;61;4;12;;;0;Matches
478;Leo Ortiz;BRA;DF;Flamengo;30-271;1996;22.0;0;0;0;14;6;1;9;25;10;;;0;Matches
479;Luis Osorio;BRA;DF;São Paulo;20-025;2006;4.7;1;1;0;10;2;0;2;2;4;;;0;Matches
480;Osvaldo;BRA;FW,MF;Vitória;39-173;1987;0.1;0;0;0;0;0;0;2;0;1;;;0;Matches
481;Otávio;BRA;GK;Cruzeiro;20-278;2005;15.0;2;0;0;0;2;0;0;0;1;;;0;Matches
482;Otávio;BRA;MF;Fluminense;32-150;1994;3.7;2;0;0;7;2;0;1;6;0;;;0;Matches
483;Luiz Otávio;BRA;DF;Mirassol;33-357;1992;0.1;0;0;0;0;0;0;0;0;1;;;0;Matches
484;João Othavio Basso;BRA;DF;Santos;29-261;1997;0.5;0;0;0;0;0;0;0;0;2;;;0;Matches
485;Ruan Pablo;BRA;FW;Bahia;18-070;2008;0.4;0;0;0;1;0;0;0;0;0;;;0;Matches
486;Bruno Pacheco;BRA;DF,MF;Chapecoense;34-297;1991;14.1;3;0;0;14;21;1;39;16;26;;;0;Matches
487;Luis Pacheco;BRA;MF;Palmeiras;18-241;2008;1.0;2;0;0;2;0;0;1;0;0;;;0;Matches
488;Lucas Paquetá;BRA;MF;Flamengo;29-035;1997;14.2;3;0;0;27;33;3;8;5;29;;;0;Matches
489;Kauã Pascini;BRA;DF,MF;Atlético Mineiro;18-210;2008;6.0;1;0;0;7;1;0;22;5;8;;;0;Matches
490;Patrick;BRA;MF;Remo;34-064;1992;15.8;0;0;0;16;23;1;42;9;41;;;0;Matches
491;Alan Patrick;BRA;MF,FW;Internacional;35-141;1991;18.0;1;0;0;9;35;1;118;8;14;;;0;Matches
492;Patrick de Paula;BRA;MF;Remo;27-023;1999;5.2;4;0;0;8;13;0;7;4;2;;;0;Matches
493;Paulinho;BRA;MF;Internacional;29-266;1997;11.7;7;0;0;28;21;1;13;8;16;;;0;Matches
494;Paulinho;BRA;FW;Palmeiras;26-078;2000;1.6;1;0;0;1;4;0;4;0;0;;;0;Matches
495;Paulinho;BRA;DF,MF;Botafogo–RJ;31-271;1995;0.5;0;0;0;1;0;0;9;1;0;;;0;Matches
496;Caio Paulista;BRA;DF;Grêmio;28-143;1998;6.7;1;0;0;3;4;0;24;13;11;;;0;Matches
497;Gabriel Paulista;BRA;DF;Corinthians;35-309;1990;19.6;6;0;0;14;10;1;1;24;10;;;0;Matches
498;Vini Paulista;BRA;MF;Coritiba;25-193;2001;10.2;3;0;0;11;12;1;4;21;21;;;0;Matches
499;Joao Paulo;BRA;DF;Chapecoense;29-089;1997;5.6;3;0;0;11;3;0;1;5;3;;;0;Matches
500;João Paulo;BRA;GK;Bahia;31-094;1995;1.0;1;0;0;0;1;0;0;0;0;;;0;Matches
501;Giovanni Pavani;BRA;MF;Remo;29-314;1996;0.5;0;0;0;0;0;0;0;1;1;;;0;Matches
502;Cristian Pavón;ARG;DF,MF;Grêmio;30-253;1996;20.9;6;0;0;15;12;5;165;29;23;;;0;Matches
503;Pedrinho;BRA;MF;São Paulo;19-160;2007;0.7;0;0;0;2;4;0;0;0;0;;;0;Matches
504;Pedro;BRA;FW;Flamengo;29-103;1997;24.7;1;0;0;20;24;4;3;7;9;;;0;Matches
505;João Pedro Chermont;BRA;DF;Coritiba;20-256;2006;11.6;2;0;0;14;6;0;35;7;11;;;0;Matches
506;João Pedro;BRA;DF;Corinthians;22-274;2003;4.4;1;0;0;3;3;0;0;1;6;;;0;Matches
507;João Pedro;BRA;DF,MF;Grêmio;29-320;1996;4.2;1;0;0;8;2;1;11;1;1;;;0;Matches
508;João Pedro;BRA;MF;Vasco da Gama;21-165;2005;0.4;0;0;0;3;1;0;0;0;0;;;0;Matches
509;Léo Pelé;BRA;DF;Athletico–PR;30-209;1996;1.1;0;0;0;4;0;0;1;2;1;;;0;Matches
510;Andreas Pereira;BRA;MF;Palmeiras;30-273;1996;24.3;3;0;0;23;26;4;182;12;17;;;0;Matches
511;Léo Pereira;BRA;DF;Flamengo;30-243;1996;22.0;6;0;0;15;13;0;9;28;15;;;0;Matches
512;Matheus Pereira;BRA;MF;Cruzeiro;30-149;1996;23.0;9;0;0;38;90;5;132;7;11;;;0;Matches
513;Luan Peres Petroni;BRA;DF;Santos;32-074;1994;19.6;5;1;1;21;17;0;3;23;17;;;0;Matches
514;Leonel Pérez;ARG;MF;Grêmio;22-053;2004;8.0;3;0;0;20;12;0;0;14;12;;;0;Matches
515;Tomás Pérez;ARG;MF;Atlético Mineiro;21-036;2005;10.2;2;0;0;13;4;0;2;14;9;;;0;Matches
516;Pedro Perotti;BRA;FW;Chapecoense;28-313;1997;0.2;0;0;0;2;2;0;0;0;1;;;0;Matches
517;Josué Pesqueira;POR;MF;Coritiba;36-014;1990;20.5;2;1;0;22;41;0;146;4;9;;;0;Matches
518;Neto Pessoa;BRA;FW;Chapecoense;32-138;1994;3.1;1;0;0;6;5;0;3;1;2;;;0;Matches
519;Leonel Picco;ARG;MF;Remo;26-344;1999;13.8;2;0;0;27;4;1;5;29;26;;;0;Matches
520;Samuel Pierri;BRA;MF;Santos;18-244;2008;0.5;0;0;0;2;0;0;0;0;1;;;0;Matches
521;Yago Pikachu;BRA;MF;Remo;34-118;1992;18.3;4;1;1;11;23;1;62;7;8;;;0;Matches
522;Joaquín Piquerez;URU;DF,MF;Palmeiras;28-038;1998;11.8;2;0;0;6;11;1;28;8;13;;;0;Matches
523;Rafael Pires;BRA;GK;São Paulo;37-100;1989;26.0;1;0;0;0;4;0;0;1;1;;;0;Matches
524;Lucas Piton;BRA;DF;Vasco da Gama;25-357;2000;12.1;0;0;0;14;4;1;90;9;17;;;0;Matches
525;Isidro Pitta;PAR;FW;RB Bragantino;27-048;1999;18.0;3;0;0;27;14;12;7;3;2;;;0;Matches
526;Gonzalo Plata;ECU;MF;Flamengo;25-334;2000;9.6;2;0;0;9;13;0;12;9;20;;;0;Matches
527;Tomas Pochettino;ARG;MF;Vitória;30-242;1996;3.9;0;0;0;4;2;0;25;2;11;;;0;Matches
528;Mateo Ponte;URU;DF,MF;Botafogo–RJ;23-130;2003;7.0;4;0;0;8;7;1;9;9;7;;;0;Matches
529;Gabriel Poveda;BRA;FW;Remo;28-086;1998;2.1;2;1;1;5;6;0;1;2;2;;;0;Matches
530;Fernando Pradella;BRA;FW;Santos;18-090;2008;0.2;0;0;0;0;0;0;0;0;0;;;0;Matches
531;Kauã Prates;BRA;DF;Cruzeiro;18-050;2008;0.1;0;0;0;0;0;0;1;0;0;;;0;Matches
532;Ángelo Preciado;ECU;DF,MF;Atlético Mineiro;28-225;1998;8.1;4;0;0;19;17;0;19;12;13;;;0;Matches
533;Erick Pulga;BRA;FW,MF;Bahia;25-364;2000;22.0;5;0;0;29;54;13;51;9;14;;;0;Matches
534;Erick Pulgar;CHI;MF;Flamengo;32-259;1994;14.6;6;1;0;23;11;0;3;23;20;;;0;Matches
535;Igor Rabello;BRA;DF;Fluminense;31-156;1995;1.9;0;0;0;0;0;0;0;4;5;;;0;Matches
536;Zé Rafael;BRA;MF;Santos;33-107;1993;1.8;1;0;0;5;5;0;1;0;3;;;0;Matches
537;André Ramalho;BRA;DF;Corinthians;34-227;1992;6.2;4;0;0;5;9;0;2;9;3;;;0;Matches
538;Eric Ramires;BRA;MF;RB Bragantino;26-052;2000;9.6;2;0;0;12;11;0;1;8;10;;;0;Matches
539;Kevin Ramírez;URU;MF,FW;Chapecoense;32-183;1994;2.2;0;0;0;0;4;0;3;0;1;;;0;Matches
540;Ramon;BRA;DF;Vitória;25-202;2001;18.9;5;0;0;29;13;0;80;22;22;;;0;Matches
541;Lucas Ramon;BRA;DF;São Paulo;32-208;1994;16.9;2;1;0;17;26;3;67;21;18;;;0;Matches
542;Vitor Ramon;BRA;DF;Grêmio;18-259;2008;0.4;1;0;0;1;0;0;0;0;0;;;0;Matches
543;Chris Ramos;ESP;FW,MF;Botafogo–RJ;29-258;1997;0.2;1;0;0;2;0;0;0;0;1;;;0;Matches
544;Santi Ramos Mingo;ARG;DF;Bahia;24-314;2001;23.5;3;0;0;16;16;1;2;32;6;;;2;Matches
545;Marcelo Rangel;BRA;GK;Remo;38-137;1988;27.0;2;0;0;0;6;0;0;1;1;;;0;Matches
546;Pedro Rangel;BRA;GK;Coritiba;26-094;2000;16.4;1;0;0;0;4;0;0;1;3;;;0;Matches
547;Raniele;BRA;MF,DF;Corinthians;29-274;1996;20.1;6;0;0;33;33;2;10;41;30;;;0;Matches
548;Pedro Raul;BRA;FW;Corinthians;29-330;1996;4.6;1;0;0;10;6;3;1;0;2;;;0;Matches
549;Raykkonen;BRA;FW;Internacional;18-080;2008;0.0;0;0;0;0;1;0;0;0;0;;;0;Matches
550;Reinaldo;BRA;DF,MF;Mirassol;37-003;1989;23.7;5;0;0;14;16;0;208;9;15;;;0;Matches
551;Reinier;BRA;FW;Atlético Mineiro;24-255;2002;10.0;1;0;0;9;11;0;2;3;5;;;0;Matches
552;Renan;BRA;FW;Athletico–PR;26-222;2000;1.5;0;0;0;9;5;2;1;0;1;;;0;Matches
553;Robert Renan;BRA;DF;Vasco da Gama;22-355;2003;26.0;4;0;0;27;5;0;11;42;24;;;0;Matches
554;Renê;BRA;DF;Fluminense;34-017;1992;18.1;1;0;0;18;20;0;26;28;32;;;0;Matches
555;Murilo Rhikman;BRA;MF;Cruzeiro;20-202;2006;0.0;0;0;0;0;1;0;0;0;1;;;0;Matches
556;Everton Ribeiro;BRA;MF;Bahia;37-174;1989;11.7;1;0;0;13;28;0;74;13;15;;;0;Matches
557;Zé Ricardo;BRA;MF;Remo;27-240;1999;18.2;5;1;0;37;30;3;26;26;18;;;0;Matches
558;Riccieli;BRA;DF;Vitória;28-014;1998;1.0;0;0;0;1;0;0;0;3;1;;;0;Matches
559;Richard;BRA;MF;Coritiba;32-225;1994;0.5;0;0;0;1;0;0;1;0;0;;;0;Matches
560;Charles Rigon Matos;BRA;MF;Corinthians;30-104;1996;2.9;1;0;0;7;4;2;1;4;5;;;0;Matches
561;Tomás Rincón;VEN;MF;Santos;38-261;1988;0.2;1;0;0;3;1;0;1;0;0;;;0;Matches
562;Ramon Rique;BRA;MF;Vasco da Gama;18-364;2007;1.9;0;0;0;7;0;0;2;0;3;;;0;Matches
563;Riquelme;BRA;MF;Fluminense;19-202;2007;0.9;1;0;0;4;4;0;7;1;2;;;0;Matches
564;Diogo Riquelme;BRA;MF;Athletico–PR;21-161;2005;1.0;1;0;0;3;0;0;1;4;1;;;0;Matches
565;Jorge Rivaldo;COL;FW;Athletico–PR;23-002;2003;0.7;1;0;0;5;2;1;0;0;0;;;0;Matches
566;Paulo Roberto;BRA;FW;Coritiba;21-134;2005;2.5;2;0;0;4;2;0;0;2;7;;;0;Matches
567;Zé Roberto;BRA;FW;Mirassol;33-017;1993;0.0;0;0;0;1;1;0;0;0;0;;;0;Matches
568;Marcos Rocha;BRA;MF,DF;Grêmio;37-294;1988;1.8;0;0;0;1;1;0;3;2;0;;;0;Matches
569;Pedro Rocha Neves;BRA;FW;Coritiba;32-001;1994;23.0;2;1;0;26;28;15;11;6;4;;;0;Matches
570;Sergio Rochet;URU;GK;Internacional;33-192;1993;11.0;1;0;0;0;1;0;0;0;1;;;0;Matches
571;Rodinei;BRA;MF,DF;Santos;34-245;1992;2.0;0;0;0;4;4;0;7;3;1;;;0;Matches
572;Rodrigo;BRA;MF;RB Bragantino;22-199;2004;9.7;3;0;0;18;8;1;37;3;15;;;0;Matches
573;Rodrigues;BRA;DF;Mirassol;28-356;1997;0.6;0;0;0;0;1;0;1;1;1;;;0;Matches
574;Rodrigo Rodrigues;BRA;FW;Coritiba;30-105;1996;0.8;0;0;0;3;1;0;0;0;1;;;0;Matches
575;Alan Rodríguez;URU;MF;Internacional;26-249;2000;2.6;0;0;0;5;2;0;3;1;2;;;0;Matches
576;Guzmán Rodríguez;URU;DF;RB Bragantino;26-235;2000;2.0;1;0;0;0;0;0;0;2;0;;;0;Matches
577;Luciano Rodríguez;URU;MF;Cruzeiro;23-077;2003;1.1;1;0;0;2;1;0;1;0;0;;;0;Matches
578;Santiago Rodríguez;URU;MF,FW;Botafogo–RJ;26-266;2000;6.4;1;0;0;14;22;0;21;1;10;;;0;Matches
579;Gabriel Rojas;ARG;DF;Cruzeiro;29-101;1997;5.9;1;0;0;12;8;1;36;8;9;;;0;Matches
580;Johan Rojas;COL;MF,FW;Vasco da Gama;24-011;2002;9.5;3;0;0;14;3;4;42;2;7;;;0;Matches
581;Benjamín Rollheiser;ARG;MF;Santos;26-191;2000;9.5;2;0;0;12;10;1;51;4;8;;;0;Matches
582;Iván Román;CHI;DF;Atlético Mineiro;20-081;2006;4.9;3;0;0;12;2;0;1;7;5;;;0;Matches
583;Lucas Romero;ARG;MF;Cruzeiro;32-166;1994;15.5;3;0;0;24;23;0;3;20;28;;;0;Matches
584;Ronald;BRA;MF;Vitória;29-105;1997;1.6;1;0;0;5;1;0;3;0;1;;;0;Matches
585;Ronaldo;BRA;GK;Bahia;30-040;1996;18.5;2;0;0;0;2;0;0;0;2;;;0;Matches
586;Ronaldo;BRA;MF;Internacional;29-343;1996;5.7;2;0;0;14;3;0;1;4;13;;;0;Matches
587;Lucas Ronier;BRA;MF,FW;Coritiba;21-309;2004;15.6;3;0;0;18;50;1;29;10;20;;;0;Matches
588;Rony;BRA;MF,FW;Santos;31-143;1995;13.5;4;0;0;26;32;9;29;11;15;;;0;Matches
589;Caio Roque;BRA;DF;Botafogo–RJ;24-265;2002;1.3;0;0;0;0;2;0;10;2;3;;;0;Matches
590;Vitor Roque;BRA;FW;Palmeiras;21-215;2005;8.1;1;0;0;14;40;4;9;0;10;;;0;Matches
591;Agustín Rossi;ARG;GK;Flamengo;31-041;1995;28.0;0;0;0;0;2;0;0;0;0;;;0;Matches
592;Franco Rossi;URU;FW;Chapecoense;24-097;2002;1.3;0;0;0;3;6;0;4;1;1;;;0;Matches
593;Ruan;BRA;DF;Atlético Mineiro;27-116;1999;19.5;7;0;0;17;14;1;0;18;15;;;0;Matches
594;Victor Sá;BRA;MF;São Paulo;32-188;1994;2.2;0;0;0;3;5;0;2;3;4;;;0;Matches
595;José Sabino;BRA;DF;São Paulo;29-341;1996;17.6;1;0;0;24;13;0;7;19;22;;;0;Matches
596;Alan Saldivia;URU;DF;Vasco da Gama;24-178;2002;11.5;3;0;0;12;10;0;2;22;13;;;1;Matches
597;Antonio Sanabria;PAR;FW;Internacional;30-211;1996;0.9;0;0;0;2;0;1;0;0;0;;;0;Matches
598;Mateo Sanabria;ARG;MF;Bahia;22-184;2004;3.7;2;0;0;9;11;2;19;0;5;;;0;Matches
599;Alex Sandro;BRA;DF;Flamengo;35-248;1991;14.9;5;0;0;26;15;1;36;11;16;;;0;Matches
600;Agustín Sant'Anna;URU;DF;RB Bragantino;29-004;1997;9.7;4;1;0;11;7;3;81;6;14;;;0;Matches
601;Alex Santana;BRA;MF;Corinthians;31-141;1995;0.1;0;0;0;0;0;0;0;0;0;;;0;Matches
602;Gustavo Santana;BRA;MF;São Paulo;21-029;2005;2.0;0;0;0;3;2;0;1;0;1;;;0;Matches
603;Santos;BRA;GK;Athletico–PR;36-198;1990;24.0;3;0;0;0;5;0;0;0;0;;;0;Matches
604;Ademir Santos;BRA;MF,FW;Bahia;31-227;1995;11.3;3;0;0;20;31;6;42;5;13;;;0;Matches
605;Bruno Santos;BRA;FW;Mirassol;29-317;1996;9.4;0;0;0;12;10;7;6;2;2;;;0;Matches
606;Danilo Santos;BRA;MF;Botafogo–RJ;25-155;2001;19.6;2;0;0;11;11;0;37;11;15;;;0;Matches
607;Eduardo Santos;BRA;DF;RB Bragantino;28-307;1997;1.6;0;0;0;1;0;0;0;0;3;;;0;Matches
608;Júnior Santos;BRA;MF,FW;Botafogo–RJ;31-355;1994;8.3;2;0;0;15;13;5;9;1;2;;;0;Matches
609;Rafael Santos;BRA;GK;Chapecoense;37-201;1989;4.0;0;0;0;0;0;0;0;0;0;;;0;Matches
610;Eduardo Sasha;BRA;FW,MF;RB Bragantino;34-219;1992;11.0;2;0;0;2;13;4;16;5;0;;;0;Matches
611;Jefferson Savarino;VEN;MF;Fluminense;29-324;1996;13.3;2;0;0;6;15;6;65;1;3;;;0;Matches
612;Savio;BRA;DF;Remo;31-128;1995;2.2;0;0;0;1;5;1;8;0;3;;;0;Matches
613;Gustavo Scarpa;BRA;MF,FW;Atlético Mineiro;32-269;1994;4.3;0;0;0;3;6;1;34;1;1;;;0;Matches
614;João Schmidt;BRA;MF;Santos;33-135;1993;10.5;3;0;0;21;4;0;1;19;16;;;0;Matches
615;Cleiton Schwengber;BRA;GK;RB Bragantino;29-043;1997;7.2;1;0;0;0;0;0;0;0;0;;;0;Matches
616;Kevin Serna;COL;MF;Fluminense;28-288;1997;15.8;1;0;0;23;24;7;41;19;13;;;0;Matches
617;Shaylon;BRA;MF;Mirassol;29-157;1997;11.4;2;0;0;16;4;0;15;6;5;;;0;Matches
618;André Silva;BRA;FW;São Paulo;29-120;1997;5.2;5;0;0;13;10;0;0;1;2;;;0;Matches
619;Kássio da Silva de Jesus;BRA;FW;Chapecoense;20-198;2006;0.2;0;0;0;0;0;0;0;1;0;;;0;Matches
620;Gustavo Silva;BRA;MF,FW;Mirassol;29-024;1997;3.5;0;0;0;1;6;2;18;0;3;;;0;Matches
621;João Pedro Sousa Silva;GNB;FW;Remo;29-322;1996;3.3;2;0;0;12;4;1;0;0;0;;;0;Matches
622;João Vitor Fonseca da Silva;BRA;DF;Vasco da Gama;21-125;2005;0.8;0;0;0;0;0;0;6;2;4;;;0;Matches
623;Luan Silva;BRA;MF;São Paulo;27-201;1999;1.1;1;0;0;2;0;0;1;1;2;;;0;Matches
624;Lucas Silva;BRA;MF;Cruzeiro;33-227;1993;7.2;5;0;0;8;3;0;8;11;7;;;0;Matches
625;Iago da Silva Machado;BRA;DF;Corinthians;17-226;2009;1.5;0;0;0;1;0;0;1;1;0;;;0;Matches
626;Matheus Pereira da Silva;BRA;MF,FW;Corinthians;28-218;1998;7.8;2;0;0;13;4;1;17;3;7;;;0;Matches
627;Thiago Silva;BRA;DF;Fluminense;42-009;1984;3.2;1;0;0;2;2;0;0;1;1;;;0;Matches
628;Luis Sinisterra;COL;MF;Cruzeiro;27-106;1999;3.9;0;0;0;7;1;0;2;3;2;;;0;Matches
629;Cauã Soares;BRA;FW;Atlético Mineiro;18-093;2008;0.5;0;0;0;0;1;0;0;0;2;;;0;Matches
630;Cédric Soares;POR;DF;São Paulo;35-031;1991;3.0;1;0;0;2;0;0;14;3;4;;;0;Matches
631;Everton Soares;BRA;MF;Flamengo;30-193;1996;4.3;2;0;0;8;4;0;8;1;6;;;0;Matches
632;Everton Soares;BRA;MF;Santos;30-193;1996;0.8;1;0;0;2;2;0;1;1;0;;;0;Matches
633;Tiquinho Soares;BRA;FW;Mirassol;35-257;1991;4.1;1;0;0;5;6;2;1;0;2;;;0;Matches
634;Tiquinho Soares;BRA;FW;Botafogo–RJ;35-257;1991;0.2;0;0;0;0;0;2;0;0;1;;;0;Matches
635;Fernando Sobral;BRA;MF;Coritiba;31-288;1994;2.1;0;0;0;1;2;0;2;1;3;;;0;Matches
636;Ignacio Sosa;URU;MF;RB Bragantino;23-031;2003;4.8;5;0;0;16;19;0;21;3;8;;;0;Matches
637;Ramón Sosa;PAR;FW,MF;Palmeiras;27-031;1999;10.9;4;0;0;20;22;9;34;4;2;;;0;Matches
638;Santiago Sosa;ARG;MF;Vasco da Gama;27-151;1999;5.6;0;0;0;15;0;1;3;18;9;;;0;Matches
639;Yeferson Soteldo;VEN;MF;Fluminense;29-093;1997;10.9;1;0;0;3;16;1;57;2;3;;;0;Matches
640;Renê Sousa;BRA;FW;Vitória;22-359;2003;15.9;2;0;0;17;35;5;13;4;6;;;0;Matches
641;Fabiano Souza;BRA;DF;Vitória;26-201;2000;2.1;1;0;0;2;3;0;3;0;1;;;1;Matches
642;Gabriel Souza;BRA;MF;Vasco da Gama;21-269;2005;0.3;0;0;0;0;0;0;0;0;0;;;0;Matches
643;Hugo Souza;BRA;GK;Corinthians;27-243;1999;24.0;3;0;0;1;1;0;0;0;1;;;0;Matches
644;Igor Vinícius de Souza;BRA;DF;Santos;29-183;1997;19.4;4;0;0;23;19;0;42;22;37;;;0;Matches
645;Claudio Spinelli;ARG;FW;Vasco da Gama;29-102;1997;8.2;0;0;0;20;11;0;3;2;5;;;0;Matches
646;Raul Steffens;BRA;GK;Botafogo–RJ;29-065;1997;7.5;1;0;0;0;2;0;1;0;0;;;0;Matches
647;Everaldo Stum;BRA;FW;Fluminense;35-088;1991;0.0;0;0;0;0;2;1;0;0;0;;;0;Matches
648;Everaldo Stum;BRA;FW;Bahia;35-088;1991;7.2;2;1;0;12;14;0;5;4;8;;;0;Matches
649;Caio Suassuna;BRA;FW;Bahia;19-192;2007;0.1;0;0;0;0;1;0;2;0;0;;;0;Matches
650;Bruno Tabata;BRA;MF;Internacional;29-185;1997;2.0;0;0;0;3;3;1;24;0;2;;;0;Matches
651;Rubens Tadeu;BRA;MF;Chapecoense;23-187;2003;3.0;2;0;0;7;4;0;17;1;3;;;0;Matches
652;Gabriel Taliari;BRA;FW;Remo;29-171;1997;12.3;1;0;0;24;31;4;8;2;6;;;0;Matches
653;Gonzalo Tapia;CHI;FW;São Paulo;24-225;2002;3.1;1;0;0;6;7;1;13;1;3;;;0;Matches
654;Diego Tarzia;ARG;MF;Vitória;23-158;2003;10.9;2;0;0;24;29;2;58;4;14;;;0;Matches
655;Lucas Taverna;BRA;DF;Coritiba;20-146;2006;1.4;1;0;0;4;1;0;3;3;2;;;0;Matches
656;Duplexe Tchamba;CMR;DF;Remo;28-083;1998;19.4;1;0;0;8;9;1;12;24;21;;;1;Matches
657;Tchê Tchê;BRA;MF;Vasco da Gama;34-032;1992;14.8;3;0;0;17;16;1;12;9;12;;;0;Matches
658;Alex Telles;BRA;DF,MF;Botafogo–RJ;33-290;1992;21.5;4;0;0;28;13;0;158;23;19;;;0;Matches
659;Carlos Terán;COL;DF;Athletico–PR;26-007;2000;11.4;0;0;0;11;9;0;6;17;12;;;0;Matches
660;Miguel Terceros;BOL;MF,FW;Santos;22-159;2004;5.4;1;0;0;10;9;0;23;4;8;;;0;Matches
661;Tetê;BRA;FW;São Paulo;19-170;2007;1.1;1;0;0;2;0;0;2;1;1;;;0;Matches
662;Tetê;BRA;MF,FW;Grêmio;26-228;2000;11.9;1;0;0;10;19;0;36;7;11;;;0;Matches
663;Thaciano;BRA;FW,MF;Santos;31-142;1995;7.6;2;0;0;4;7;6;7;3;7;;;0;Matches
664;Thomazella;BRA;GK;Mirassol;36-044;1990;2.0;0;0;0;0;0;0;0;0;0;;;0;Matches
665;Rafael Thyere;BRA;DF;Chapecoense;33-137;1993;3.2;0;0;0;1;1;1;0;3;0;;;1;Matches
666;Tiago;BRA;MF;Grêmio;18-241;2008;0.3;0;0;0;0;0;0;0;0;0;;;0;Matches
667;Tico;BRA;MF;Remo;20-010;2006;0.1;0;0;0;0;1;0;0;0;0;;;0;Matches
668;Guilherme Tinga;BRA;DF;Coritiba;33-030;1993;13.6;0;0;0;3;11;0;27;23;9;;;0;Matches
669;Tissi;BRA;MF,DF;Coritiba;19-162;2007;2.8;1;0;0;2;6;0;1;2;1;;;0;Matches
670;Kauan Toledo;BRA;MF,FW;Botafogo–RJ;20-169;2006;4.6;1;0;0;11;10;1;6;2;11;;;0;Matches
671;Rafael Tolói;ITA;DF;São Paulo;35-356;1990;7.2;3;0;0;10;3;0;1;12;11;;;0;Matches
672;Félix Torres Caicedo;ECU;DF;Internacional;29-263;1997;15.4;3;0;0;16;6;1;2;35;13;;;0;Matches
673;Bruno Tubarão;BRA;DF;Chapecoense;31-210;1995;1.0;1;0;0;2;0;0;4;4;1;;;0;Matches
674;Tulio;BRA;FW;Chapecoense;21-339;2004;5.3;1;0;0;14;3;4;1;1;2;;;0;Matches
675;Enzo Vágner;BRA;FW;Coritiba;20-065;2006;0.2;0;0;0;1;0;0;0;0;0;;;0;Matches
676;Anthony Valencia;ECU;MF;Flamengo;23-072;2003;0.1;0;0;0;0;0;0;1;0;0;;;0;Matches
677;Vanderlan;BRA;DF;RB Bragantino;24-024;2002;0.7;1;0;0;0;0;0;0;1;1;;;0;Matches
678;Guillermo Varela;URU;DF;Flamengo;33-191;1993;18.9;4;0;0;11;18;2;53;18;12;;;0;Matches
679;Kerwin Vargas;COL;FW;Athletico–PR;24-272;2002;2.6;0;0;0;1;6;2;4;1;1;;;0;Matches
680;Alejo Véliz;ARG;FW;Bahia;23-012;2003;8.5;0;0;0;12;15;5;0;0;3;;;0;Matches
681;Lucas Veríssimo;BRA;DF;Santos;31-091;1995;15.0;3;0;0;17;8;2;1;28;8;;;0;Matches
682;Miguel Vianna;ESP;MF;Chapecoense;21-206;2005;1.5;0;0;0;2;1;0;6;2;1;;;0;Matches
683;João Victor;BRA;DF;Mirassol;29-029;1997;27.0;3;0;0;14;7;1;2;25;10;;;1;Matches
684;João Victor;BRA;DF;Flamengo;19-273;2007;0.8;0;0;0;0;0;0;0;0;0;;;0;Matches
685;João Victor;BRA;FW;Internacional;19-066;2007;0.3;1;0;0;1;1;0;0;0;0;;;0;Matches
686;Marcos Victor;BRA;DF;Bahia;24-279;2001;3.5;0;0;0;3;1;0;3;7;7;;;0;Matches
687;Viery;BRA;DF;Grêmio;21-272;2005;13.0;4;1;0;20;8;1;4;5;18;;;0;Matches
688;Rodrigo Villagra;ARG;MF;Internacional;25-229;2001;17.6;3;0;0;28;20;0;4;16;19;;;0;Matches
689;Lucas Villalba;URU;MF;Botafogo–RJ;25-143;2001;8.1;2;0;0;8;2;0;37;3;12;;;0;Matches
690;Lucas Villalba;ARG;DF;Cruzeiro;32-043;1994;11.2;2;0;0;17;4;1;21;14;7;;;0;Matches
691;Néiser Villarreal;COL;FW;Cruzeiro;21-160;2005;7.1;0;0;0;9;16;1;2;1;5;;;0;Matches
692;Mathías Villasanti;PAR;MF;Grêmio;29-250;1997;8.2;1;0;0;11;8;0;2;9;11;;;0;Matches
693;Vinicius;BRA;MF;Chapecoense;27-126;1999;2.7;0;0;0;2;4;0;0;3;1;;;0;Matches
694;Alix Vinicius;BRA;DF;RB Bragantino;26-329;1999;17.3;8;1;1;34;9;1;1;39;15;;;0;Matches
695;Carlos Vinícius;BRA;FW;Grêmio;31-190;1995;23.3;5;0;0;30;28;22;8;2;2;;;0;Matches
696;Heittor Vinicius;BRA;FW;Palmeiras;19-013;2007;0.3;0;0;0;1;1;1;0;0;0;;;0;Matches
697;Marcos Vinicius;BRA;DF,MF;Chapecoense;29-189;1997;6.4;2;0;0;10;3;1;25;6;5;;;0;Matches
698;Vitão;BRA;DF;Atlético Mineiro;18-211;2008;5.0;1;0;0;3;1;0;0;6;4;;;0;Matches
699;Vitão;BRA;DF;Flamengo;26-241;2000;6.3;2;0;0;5;1;0;2;2;1;;;0;Matches
700;Vitinho;BRA;MF;Internacional;27-183;1999;22.9;5;0;0;34;44;3;63;22;22;;;0;Matches
701;Vitinho;BRA;MF;Corinthians;32-357;1993;3.9;0;0;0;6;5;0;23;1;5;;;0;Matches
702;Vitinho;BRA;DF,MF;Botafogo–RJ;27-070;1999;23.2;3;0;0;28;22;2;76;22;31;;;0;Matches
703;João Vitor;BRA;MF;Chapecoense;28-184;1998;6.6;1;0;0;11;7;0;19;1;8;;;0;Matches
704;João Vitor;BRA;FW;Vasco da Gama;17-323;2008;0.4;0;0;0;0;2;0;1;0;1;;;0;Matches
705;Zé Vitor;BRA;MF;Vitória;26-152;2000;14.6;4;0;0;40;31;1;8;6;33;;;0;Matches
706;Kevin Viveros;COL;FW;Athletico–PR;26-180;2000;25.3;6;0;0;61;85;26;15;1;4;;;0;Matches
707;Tiago Volpi;BRA;GK;RB Bragantino;35-286;1990;19.8;2;0;0;0;3;0;0;0;1;;;0;Matches
708;Wagner;BRA;DF;Grêmio;27-070;1999;8.6;3;1;1;10;2;1;0;7;9;;;0;Matches
709;Walace;BRA;MF;Vitória;31-180;1995;2.1;0;0;0;4;1;0;2;2;2;;;0;Matches
710;Wallace;BRA;MF;Flamengo;21-235;2005;0.6;1;0;0;3;5;1;0;0;0;;;0;Matches
711;Wallace;BRA;DF;Grêmio;21-299;2004;8.0;2;0;0;13;6;0;0;11;11;;;0;Matches
712;Wallace;BRA;MF;RB Bragantino;21-235;2005;1.4;0;1;0;5;2;0;7;0;3;;;0;Matches
713;Walter;BRA;GK;Mirassol;38-317;1987;23.5;3;0;0;1;2;0;0;0;0;;;0;Matches
714;Wanderson;BRA;MF;Cruzeiro;31-359;1994;5.1;0;0;0;8;3;3;20;0;6;;;0;Matches
715;Warleson;BRA;GK;Botafogo–RJ;30-031;1996;4.0;1;0;0;0;4;0;0;0;0;;;0;Matches
716;José Welison;BRA;MF;Remo;31-204;1995;16.7;6;0;0;35;14;0;8;31;26;;;1;Matches
717;João Wellington;BRA;MF;Cruzeiro;22-272;2004;0.7;0;0;0;1;5;0;1;0;2;;;0;Matches
718;João Wellington;BRA;MF;Mirassol;22-272;2004;3.5;0;0;0;3;4;0;2;5;6;;;0;Matches
719;Wendell;BRA;DF,MF;São Paulo;33-073;1993;13.7;4;0;0;38;14;1;40;12;17;;;0;Matches
720;Wesley;BRA;MF;Cruzeiro;21-210;2005;2.4;2;0;0;2;7;0;5;1;1;;;0;Matches
721;Wéverton;BRA;GK;Grêmio;38-292;1987;26.0;2;0;0;1;8;0;0;0;0;;;0;Matches
722;William;BRA;DF;Cruzeiro;31-181;1995;8.6;3;1;1;17;5;1;66;11;14;;;0;Matches
723;Willian;BRA;MF,FW;Grêmio;38-053;1988;4.2;0;0;0;1;7;1;18;0;3;;;0;Matches
724;Willian;BRA;MF;Coritiba;33-138;1993;5.3;0;0;0;9;3;0;0;10;7;;;0;Matches
725;Mateus Xavier;BRA;MF;Santos;19-094;2007;0.1;0;0;0;1;0;0;0;0;1;;;0;Matches
726;Samuel Xavier;BRA;DF;Fluminense;36-117;1990;13.8;5;0;0;18;27;2;19;12;18;;;0;Matches
727;Yago;BRA;MF;Chapecoense;31-240;1995;5.3;2;0;0;14;8;0;8;6;8;;;0;Matches
728;Ythallo;BRA;DF;Botafogo–RJ;22-071;2004;0.5;1;0;0;1;0;0;0;0;0;;;0;Matches
729;Yuri;BRA;MF;Mirassol;32-164;1994;3.6;0;1;0;4;4;0;3;6;6;;;0;Matches
730;Bruno Zapelli;ARG;MF;Athletico–PR;24-137;2002;8.1;4;1;0;9;8;0;31;8;7;;;0;Matches
731;Hakim Ziyech;MAR;FW,MF;Botafogo–RJ;33-196;1993;0.5;0;0;0;0;0;0;3;0;0;;;0;Matches
732;Bernardo Zortea;BRA;MF;Grêmio;19-194;2007;1.1;0;0;0;4;1;0;0;0;3;;;0;Matches
733;Lukas Zuccarello;BRA;MF;Vasco da Gama;19-303;2006;0.1;0;0;0;0;1;0;0;1;0;;;0;Matches