ranker;player;nationality;position;team;age;birth_year;games;games_starts;minutes;minutes_90s;goals;assists;goals_assists;goals_pens;pens_made;pens_att;cards_yellow;cards_red;goals_per90;assists_per90;goals_assists_per90;goals_pens_per90;goals_assists_pens_per90;matches
1;Álvaro Abarzúa;CHI;MF;Huachipato;19-298;2006;6;3;226;2.5;0;0;0;0;0;0;2;0;0.00;0.00;0.00;0.00;0.00;Matches
2;Joe Abrigo;CHI;FW,MF;Palestino;31-198;1995;9;6;494;5.5;1;2;3;1;0;0;1;0;0.18;0.36;0.55;0.18;0.55;Matches
3;Diego Acosta;PAR;FW;D. Concepción;23-328;2002;4;2;106;1.2;0;0;0;0;0;0;0;0;0.00;0.00;0.00;0.00;0.00;Matches
4;Nicolás Aedo;CHI;MF,DF;Audax Italiano;25-183;2001;10;8;574;6.4;0;2;2;0;0;0;1;0;0.00;0.31;0.31;0.00;0.31;Matches
5;Augusto Aguirre;ARG;DF;CD Limache;27-065;1999;23;23;2070;23.0;0;1;1;0;0;0;1;0;0.00;0.04;0.04;0.00;0.04;Matches
6;Joel Ahumada;CHI;FW;Audax Italiano;21-273;2005;1;0;6;0.1;0;0;0;0;0;0;0;0;0.00;0.00;0.00;0.00;0.00;Matches
7;Tomás Ahumada;CHI;GK;Audax Italiano;25-104;2001;23;23;2070;23.0;0;0;0;0;0;0;2;0;0.00;0.00;0.00;0.00;0.00;Matches
8;Lucas Alarcón;CHI;DF;La Serena;26-215;2000;14;13;1130;12.6;1;1;2;1;0;0;1;1;0.08;0.08;0.16;0.08;0.16;Matches
9;Tomás Alarcón;CHI;MF;Colo-Colo;27-260;1999;21;17;1452;16.1;0;3;3;0;0;0;6;1;0.00;0.19;0.19;0.00;0.19;Matches
10;Freddy Alegria;COL;DF;Huachipato;17-225;2009;1;0;6;0.1;0;0;0;0;0;0;0;0;0.00;0.00;0.00;0.00;0.00;Matches
11;Ian Alegría;CHI;MF;Palestino;18-156;2008;7;2;256;2.8;1;1;2;1;0;0;0;0;0.35;0.35;0.70;0.35;0.70;Matches
12;Julian Alfaro;CHI;MF,FW;Everton;25-034;2001;20;15;1092;12.1;3;2;5;3;0;0;7;0;0.25;0.16;0.41;0.25;0.41;Matches
13;Axel Alfonzo;PAR;DF;CD Limache;;;12;5;543;6.0;0;0;0;0;0;0;1;2;0.00;0.00;0.00;0.00;0.00;Matches
14;Lionel Altamirano;ARG;FW;Huachipato;33-360;1992;23;17;1585;17.6;10;1;11;9;1;2;4;0;0.57;0.06;0.62;0.51;0.57;Matches
15;Kevin Altez;URU;MF,FW;Huachipato;21-295;2004;14;7;574;6.4;1;0;1;1;0;0;2;1;0.16;0.00;0.16;0.16;0.16;Matches
16;Vicente Álvarez;CHI;FW,MF;CD Limache;19-296;2006;16;10;589;6.5;4;0;4;4;0;0;0;0;0.61;0.00;0.61;0.61;0.61;Matches
17;Branco Ampuero;CHI;DF;U. Católica;33-079;1993;22;22;1964;21.8;1;0;1;1;0;0;7;0;0.05;0.00;0.05;0.05;0.05;Matches
18;Yonathan Andía;CHI;MF,DF;Unión La Calera;34-061;1992;11;8;674;7.5;0;0;0;0;0;0;2;0;0.00;0.00;0.00;0.00;0.00;Matches
19;Harold Antiñirre;CHI;DF,MF;Huachipato;24-042;2002;10;4;435;4.8;0;0;0;0;0;0;2;0;0.00;0.00;0.00;0.00;0.00;Matches
20;Claudio Aquino;ARG;MF,FW;Colo-Colo;35-074;1991;15;5;598;6.6;2;3;5;1;1;1;1;0;0.30;0.45;0.75;0.15;0.60;Matches
21;Joshua Arancibia;CHI;DF;Coquimbo Unido;21-313;2004;1;0;45;0.5;0;0;0;0;0;0;1;0;0.00;0.00;0.00;0.00;0.00;Matches
22;Sebastián Arancibia;CHI;DF;U. Católica;20-113;2006;11;8;824;9.2;0;0;0;0;0;0;1;0;0.00;0.00;0.00;0.00;0.00;Matches
23;Charles Aránguiz;CHI;MF;Univ. de Chile;37-172;1989;16;14;1127;12.5;1;1;2;0;1;1;1;0;0.08;0.08;0.16;0.00;0.08;Matches
24;Martín Araya;CHI;MF;Palestino;21-009;2005;12;6;445;4.9;1;1;2;1;0;0;0;0;0.20;0.20;0.40;0.20;0.40;Matches
25;Nicolás Araya;CHI;GK;D. Concepción;27-123;1999;16;16;1440;16.0;0;0;0;0;0;0;0;0;0.00;0.00;0.00;0.00;0.00;Matches
26;Agustin Arce;CHI;MF,FW;Univ. de Chile;21-255;2005;18;14;1107;12.3;5;1;6;5;0;0;3;0;0.41;0.08;0.49;0.41;0.49;Matches
27;Benjamín Argandona;ARG;MF;Unión La Calera;21-154;2005;1;0;2;0.0;0;0;0;0;0;0;0;0;0.00;0.00;0.00;0.00;0.00;Matches
28;Luciano Arriagada;CHI;FW;Huachipato;24-169;2002;6;0;101;1.1;0;0;0;0;0;0;1;0;0.00;0.00;0.00;0.00;0.00;Matches
29;Andrés Arroyo;COL;MF;Everton;24-259;2002;2;0;35;0.4;0;0;0;0;0;0;1;0;0.00;0.00;0.00;0.00;0.00;Matches
30;Marcos Arturia;ARG;FW;CD Limache;28-240;1998;23;8;738;8.2;1;2;3;1;0;0;2;0;0.12;0.24;0.37;0.12;0.37;Matches
31;Lucas Assadi;CHI;MF,FW;Univ. de Chile;22-271;2004;15;9;803;8.9;0;4;4;0;0;0;0;0;0.00;0.45;0.45;0.00;0.45;Matches
32;Tomás Astaburuaga;CHI;DF;U. Católica;29-360;1996;6;5;407;4.5;0;0;0;0;0;0;1;0;0.00;0.00;0.00;0.00;0.00;Matches
33;Aaron Astudillo;VEN;MF,DF;Cobresal;26-172;2000;18;12;1153;12.8;0;1;1;0;0;0;3;0;0.00;0.08;0.08;0.00;0.08;Matches
34;Giovanny Ávalos;CHI;FW,MF;Ñublense;21-190;2005;8;7;399;4.4;1;0;1;1;0;0;0;0;0.23;0.00;0.23;0.23;0.23;Matches
35;Nicolás Avellaneda;ARG;GK;Unión La Calera;33-224;1993;22;22;1980;22.0;0;1;1;0;0;0;1;0;0.00;0.05;0.05;0.00;0.05;Matches
36;Tomás Avilés;ARG;MF;O'Higgins;22-245;2004;6;2;177;2.0;0;0;0;0;0;0;1;0;0.00;0.00;0.00;0.00;0.00;Matches
37;Alejandro Azócar;CHI;MF;Coquimbo Unido;25-352;2000;15;7;624;6.9;2;1;3;2;0;0;1;0;0.29;0.14;0.43;0.29;0.43;Matches
38;Nicolás Baeza;CHI;DF,MF;Everton;29-152;1997;19;14;1112;12.4;2;2;4;2;0;0;2;0;0.16;0.16;0.32;0.16;0.32;Matches
39;Miguel Barbieri;ARG;DF;U Concepción;33-043;1993;6;5;422;4.7;0;0;0;0;0;0;2;0;0.00;0.00;0.00;0.00;0.00;Matches
40;Daniel Barrea;ARG;FW;U Concepción;25-076;2001;2;1;95;1.1;1;0;1;1;0;0;0;0;0.95;0.00;0.95;0.95;0.95;Matches
41;Cristopher Barrera;CHI;DF,MF;Everton;28-171;1998;5;3;203;2.3;0;0;0;0;0;0;0;1;0.00;0.00;0.00;0.00;0.00;Matches
42;Lucas Barrera;CHI;MF;Univ. de Chile;20-168;2006;14;11;953;10.6;0;1;1;0;0;0;6;0;0.00;0.09;0.09;0.00;0.09;Matches
43;Franco Bechtholdt;ARG;DF,MF;Cobresal;33-052;1993;17;16;1336;14.8;0;0;0;0;0;0;5;1;0.00;0.00;0.00;0.00;0.00;Matches
44;Jonathan Benítez;ARG;MF;Palestino;35-032;1991;13;4;455;5.1;0;0;0;0;0;0;6;0;0.00;0.00;0.00;0.00;0.00;Matches
45;Vicente Bernedo;CHI;GK;U. Católica;25-257;2001;20;20;1800;20.0;0;1;1;0;0;0;1;0;0.00;0.05;0.05;0.00;0.05;Matches
46;Benjamín Berríos;CHI;MF,DF;Everton;28-211;1998;19;19;1688;18.8;0;1;1;0;0;0;2;0;0.00;0.05;0.05;0.00;0.05;Matches
47;José Bizama;CHI;DF;Palestino;32-103;1994;11;6;508;5.6;0;0;0;0;0;0;2;0;0.00;0.00;0.00;0.00;0.00;Matches
48;Marcos Bolados;CHI;FW,MF;Colo-Colo;30-220;1996;2;0;55;0.6;0;0;0;0;0;0;0;0;0.00;0.00;0.00;0.00;0.00;Matches
49;Matías Bórquez;CHI;GK;CD Limache;28-048;1998;10;10;900;10.0;0;0;0;0;0;0;0;0;0.00;0.00;0.00;0.00;0.00;Matches
50;Osvaldo Bosso;CHI;DF;Ñublense;32-357;1993;23;23;2055;22.8;0;0;0;0;0;0;2;1;0.00;0.00;0.00;0.00;0.00;Matches
51;Walter Bou;ARG;MF,FW;O'Higgins;33-042;1993;5;4;340;3.8;0;0;0;0;0;0;1;0;0.00;0.00;0.00;0.00;0.00;Matches
52;Christian Bravo;CHI;GK;Huachipato;20-079;2006;14;14;1239;13.8;0;0;0;0;0;0;1;0;0.00;0.00;0.00;0.00;0.00;Matches
53;Julián Brea;ARG;MF,FW;Cobresal;26-361;1999;21;21;1727;19.2;6;1;7;6;0;0;3;0;0.31;0.05;0.36;0.31;0.36;Matches
54;Mario Briceño;CHI;MF,FW;Huachipato;30-108;1996;20;11;1267;14.1;2;5;7;2;0;0;3;0;0.14;0.36;0.50;0.14;0.50;Matches
55;Miguel Brizuela;ARG;DF;O'Higgins;29-274;1997;15;15;1250;13.9;1;0;1;1;0;0;2;1;0.07;0.00;0.07;0.07;0.07;Matches
56;Jorge Broun;ARG;GK;U Concepción;40-133;1986;6;6;539;6.0;0;0;0;0;0;0;2;1;0.00;0.00;0.00;0.00;0.00;Matches
57;Rodrigo Cabral;ARG;MF,FW;Audax Italiano;26-059;2000;11;5;496;5.5;1;0;1;0;1;1;1;0;0.18;0.00;0.18;0.00;0.00;Matches
58;Sebastian Cabrera;CHI;DF,MF;Coquimbo Unido;28-204;1998;12;6;654;7.3;0;1;1;0;0;0;3;0;0.00;0.14;0.14;0.00;0.14;Matches
59;Ariel Cáceres;CHI;DF;D. Concepción;26-319;1999;17;16;1389;15.4;2;0;2;2;0;0;3;0;0.13;0.00;0.13;0.13;0.13;Matches
60;Esteban Calderón;CHI;FW;Ñublense;22-235;2004;6;1;202;2.2;1;0;1;1;0;0;0;0;0.45;0.00;0.45;0.45;0.45;Matches
61;Esteban Calderón;CHI;FW;O'Higgins;22-235;2004;2;1;79;0.9;0;0;0;0;0;0;0;0;0.00;0.00;0.00;0.00;0.00;Matches
62;Franco Calderón;ARG;DF;Univ. de Chile;28-146;1998;12;10;914;10.2;0;0;0;0;0;0;2;0;0.00;0.00;0.00;0.00;0.00;Matches
63;Pablo Calderón;CMR;DF;Ñublense;28-146;1998;15;12;1041;11.6;0;0;0;0;0;0;6;2;0.00;0.00;0.00;0.00;0.00;Matches
64;Alejandro Camargo;ARG;MF;Coquimbo Unido;37-116;1989;20;20;1566;17.4;4;0;4;4;0;0;3;0;0.23;0.00;0.23;0.23;0.23;Matches
65;Felipe Campos;CHI;DF;Ñublense;32-332;1993;18;12;1092;12.1;0;0;0;0;0;0;2;0;0.00;0.00;0.00;0.00;0.00;Matches
66;Matías Campos López;CHI;FW;Unión La Calera;35-049;1991;21;8;896;10.0;3;0;3;3;0;0;0;0;0.30;0.00;0.30;0.30;0.30;Matches
67;Víctor Campos;CHI;DF;Cobresal;20-253;2006;5;5;282;3.1;0;0;0;0;0;0;1;0;0.00;0.00;0.00;0.00;0.00;Matches
68;Giovanni Campusano;CHI;MF,DF;Ñublense;33-268;1993;22;22;1945;21.6;0;1;1;0;0;0;7;0;0.00;0.05;0.05;0.00;0.05;Matches
69;Alfred Canales;CHI;MF;U. Católica;26-162;2000;9;1;192;2.1;0;0;0;0;0;0;1;0;0.00;0.00;0.00;0.00;0.00;Matches
70;Ezequiel Cañete;ARG;MF;Huachipato;27-111;1999;19;10;889;9.9;0;2;2;0;0;0;2;0;0.00;0.20;0.20;0.00;0.20;Matches
71;Omar Carabalí;CHI;GK;O'Higgins;29-116;1997;21;21;1890;21.0;0;0;0;0;0;0;3;0;0.00;0.00;0.00;0.00;0.00;Matches
72;Javier Cárcamo;CHI;MF;Huachipato;21-247;2005;9;3;260;2.9;0;0;0;0;0;0;2;0;0.00;0.00;0.00;0.00;0.00;Matches
73;Martín Cárcamo;CHI;MF;Everton;22-293;2003;3;0;61;0.7;0;0;0;0;0;0;0;0;0.00;0.00;0.00;0.00;0.00;Matches
74;Vicente Cárcamo;CHI;MF;U. Católica;21-081;2005;4;1;75;0.8;0;0;0;0;0;0;0;0;0.00;0.00;0.00;0.00;0.00;Matches
75;Vicente Cárcamo;CHI;MF;CD Limache;21-081;2005;6;0;100;1.1;0;0;0;0;0;0;2;0;0.00;0.00;0.00;0.00;0.00;Matches
76;Rafael Caroca;CHI;DF;Huachipato;37-079;1989;23;23;2070;23.0;1;0;1;1;0;0;3;0;0.04;0.00;0.04;0.04;0.04;Matches
77;Bryan Carrasco;CHI;MF,DF;Palestino;35-248;1991;20;11;956;10.6;2;1;3;2;0;2;1;0;0.19;0.09;0.28;0.19;0.28;Matches
78;Diego Carrasco;CHI;DF;D. Concepción;31-134;1995;10;10;867;9.6;0;0;0;0;0;0;2;2;0.00;0.00;0.00;0.00;0.00;Matches
79;Sergio Carrasco;CHI;FW;Cobresal;21-277;2005;1;0;11;0.1;0;0;0;0;0;0;0;0;0.00;0.00;0.00;0.00;0.00;Matches
80;Bryan Carvallo;CHI;MF;Cobresal;30-021;1996;21;12;1198;13.3;1;5;6;1;0;0;1;0;0.08;0.38;0.45;0.08;0.45;Matches
81;Rodrigo Cáseres;ARG;DF;Unión La Calera;29-038;1997;11;11;990;11.0;2;0;2;2;0;0;2;0;0.18;0.00;0.18;0.18;0.18;Matches
82;Gabriel Castellón;CHI;GK;Univ. de Chile;33-028;1993;23;23;2070;23.0;0;0;0;0;0;0;4;0;0.00;0.00;0.00;0.00;0.00;Matches
83;Antonio Castillo;CHI;DF;Cobresal;27-325;1998;16;12;1209;13.4;0;1;1;0;0;0;0;0;0.00;0.07;0.07;0.00;0.07;Matches
84;Arnaldo Castillo;PAR;FW;O'Higgins;29-150;1997;22;18;1558;17.3;8;0;8;8;0;0;5;0;0.46;0.00;0.46;0.46;0.46;Matches
85;Daniel Castro;CHI;FW,MF;CD Limache;32-162;1994;22;22;1933;21.5;13;7;20;10;3;3;6;0;0.61;0.33;0.93;0.47;0.79;Matches
86;Jose Castro;CHI;MF;Huachipato;24-358;2001;3;1;69;0.8;0;0;0;0;0;0;0;0;0.00;0.00;0.00;0.00;0.00;Matches
87;Danilo Catalán;CHI;MF;CD Limache;28-321;1997;2;0;12;0.1;0;0;0;0;0;0;0;0;0.00;0.00;0.00;0.00;0.00;Matches
88;Rodrigo Catalán;CHI;FW;Colo-Colo;17-175;2009;2;0;3;0.0;0;0;0;0;0;0;0;0;0.00;0.00;0.00;0.00;0.00;Matches
89;Matias Cavalleri;CHI;MF;D. Concepción;28-181;1998;14;6;515;5.7;0;2;2;0;0;0;1;0;0.00;0.35;0.35;0.00;0.35;Matches
90;Bernardo Cerezo;CHI;DF;U. Católica;31-258;1995;10;5;511;5.7;0;0;0;0;0;0;3;0;0.00;0.00;0.00;0.00;0.00;Matches
91;César;BRA;GK;D. Concepción;34-252;1992;7;7;630;7.0;0;0;0;0;0;0;1;0;0.00;0.00;0.00;0.00;0.00;Matches
92;Diego Céspedes;CHI;DF;Ñublense;28-011;1998;14;5;610;6.8;1;0;1;1;0;0;2;0;0.15;0.00;0.15;0.15;0.15;Matches
93;Antonio Ceza;CHI;DF;Palestino;23-317;2002;6;3;300;3.3;0;0;0;0;0;0;1;0;0.00;0.00;0.00;0.00;0.00;Matches
94;Cristóbal Chadwick;CHI;FW;Everton;21-178;2005;1;0;3;0.0;0;0;0;0;0;0;0;0;0.00;0.00;0.00;0.00;0.00;Matches
95;Felipe Chamorro;CHI;MF,FW;La Serena;25-068;2001;22;20;1630;18.1;6;3;9;6;0;0;8;0;0.33;0.17;0.50;0.33;0.50;Matches
96;Benjamín Chandía;CHI;MF,FW;Coquimbo Unido;23-315;2002;20;8;878;9.8;1;3;4;1;0;0;0;0;0.10;0.31;0.41;0.10;0.41;Matches
97;Gustavo Charrupí;COL;MF;Everton;22-071;2004;7;0;140;1.6;0;0;0;0;0;0;0;0;0.00;0.00;0.00;0.00;0.00;Matches
98;Giovani Chiaverano;ARG;FW,MF;Audax Italiano;21-138;2005;22;16;1407;15.6;6;2;8;6;0;0;5;0;0.38;0.13;0.51;0.38;0.51;Matches
99;Diego Coelho;URU;FW;Audax Italiano;31-251;1995;21;9;881;9.8;3;1;4;3;0;1;1;0;0.31;0.10;0.41;0.31;0.41;Matches
100;Marco Collao;CHI;MF;Audax Italiano;28-178;1998;19;14;1227;13.6;1;0;1;1;0;0;8;2;0.07;0.00;0.07;0.07;0.07;Matches
101;Bastián Contreras;CHI;FW;La Serena;20-341;2005;6;1;129;1.4;0;0;0;0;0;0;0;0;0.00;0.00;0.00;0.00;0.00;Matches
102;Daniel Cordero;CHI;MF;La Serena;19-316;2006;1;0;37;0.4;0;0;0;0;0;0;0;0;0.00;0.00;0.00;0.00;0.00;Matches
103;Salvador Cordero;CHI;MF;Coquimbo Unido;30-209;1996;15;5;675;7.5;0;0;0;0;0;0;4;0;0.00;0.00;0.00;0.00;0.00;Matches
104;Juan Cornejo;CHI;DF;Coquimbo Unido;36-221;1990;19;18;1572;17.5;0;6;6;0;0;0;3;1;0.00;0.34;0.34;0.00;0.34;Matches
105;Diego Corral;CHI;MF,FW;U. Católica;21-211;2005;16;10;715;7.9;2;3;5;2;0;0;2;0;0.25;0.38;0.63;0.25;0.63;Matches
106;Jhon Cortes;CHI;FW;Univ. de Chile;18-074;2008;1;0;27;0.3;0;0;0;0;0;0;0;0;0.00;0.00;0.00;0.00;0.00;Matches
107;Joan Cruz;CHI;MF;Unión La Calera;23-185;2003;8;0;138;1.5;0;1;1;0;0;0;2;0;0.00;0.65;0.65;0.00;0.65;Matches
108;Cristián Cuevas;CHI;MF,DF;U. Católica;31-187;1995;21;18;1630;18.1;1;6;7;1;0;0;10;0;0.06;0.33;0.39;0.06;0.39;Matches
109;Yastin Cuevas;CHI;FW;Colo-Colo;18-191;2008;9;0;133;1.5;1;1;2;1;0;0;0;0;0.68;0.68;1.35;0.68;1.35;Matches
110;Nelson Da Silva;ARG;FW;Palestino;30-042;1996;17;14;1221;13.6;9;2;11;7;2;2;4;1;0.66;0.15;0.81;0.52;0.66;Matches
111;Misael Dávila;CHI;MF,DF;D. Concepción;35-081;1991;17;13;1177;13.1;0;2;2;0;0;0;0;0;0.00;0.15;0.15;0.00;0.15;Matches
112;Francisco Daza;CHI;DF;U. Católica;18-247;2008;1;1;71;0.8;0;0;0;0;0;0;0;0;0.00;0.00;0.00;0.00;0.00;Matches
113;Antonio Díaz;CHI;DF,MF;U Concepción;26-163;2000;16;7;691;7.7;1;1;2;1;0;0;4;0;0.13;0.13;0.26;0.13;0.26;Matches
114;Sebastián Díaz Aracena;CHI;MF;La Serena;30-222;1996;17;9;923;10.3;1;0;1;1;0;0;4;2;0.10;0.00;0.10;0.10;0.10;Matches
115;Fabricio Díaz;ARG;FW;La Serena;20-176;2006;1;0;4;0.0;0;0;0;0;0;0;0;0;0.00;0.00;0.00;0.00;0.00;Matches
116;Leandro Díaz;CHI;DF;O'Higgins;27-193;1999;11;8;664;7.4;0;1;1;0;0;0;1;0;0.00;0.14;0.14;0.00;0.14;Matches
117;Marcelo Díaz;CHI;MF;Univ. de Chile;39-280;1986;5;0;119;1.3;0;0;0;0;0;0;0;1;0.00;0.00;0.00;0.00;0.00;Matches
118;Cristopher Díaz Peña;CHI;DF;Unión La Calera;31-103;1995;22;22;1896;21.1;1;3;4;1;0;0;6;0;0.05;0.14;0.19;0.05;0.19;Matches
119;Fernando Dinamarca;CHI;DF,MF;La Serena;22-181;2004;13;8;735;8.2;0;0;0;0;0;0;4;0;0.00;0.00;0.00;0.00;0.00;Matches
120;Marcelo Eggel;ARG;MF,FW;Palestino;27-262;1999;5;4;306;3.4;1;0;1;1;0;0;1;0;0.29;0.00;0.29;0.29;0.29;Matches
121;Axel Encinas;ARG;MF;Unión La Calera;22-135;2004;7;2;245;2.7;0;0;0;0;0;0;0;0;0.00;0.00;0.00;0.00;0.00;Matches
122;Gonzalo Escalante;ARG;MF;La Serena;33-193;1993;19;18;1609;17.9;2;1;3;2;0;0;6;0;0.11;0.06;0.17;0.11;0.17;Matches
123;Bastián Escobar;CHI;MF;D. Concepción;20-230;2006;2;1;48;0.5;0;0;0;0;0;0;1;0;0.00;0.00;0.00;0.00;0.00;Matches
124;Dylan Escobar;CHI;DF;CD Limache;25-308;2000;6;6;524;5.8;1;0;1;1;0;0;3;1;0.17;0.00;0.17;0.17;0.17;Matches
125;Dylan Escobar;CHI;DF;Coquimbo Unido;25-308;2000;5;3;324;3.6;0;0;0;0;0;0;1;0;0.00;0.00;0.00;0.00;0.00;Matches
126;Carlos Escobar Ortíz;CHI;FW;D. Concepción;36-286;1989;11;3;348;3.9;0;0;0;0;0;1;0;0;0.00;0.00;0.00;0.00;0.00;Matches
127;Jorge Espejo;CHI;DF,MF;U Concepción;26-070;2000;19;15;1245;13.8;0;0;0;0;0;0;7;0;0.00;0.00;0.00;0.00;0.00;Matches
128;Ethan Espinoza;CHI;MF;D. Concepción;25-262;2001;20;14;1228;13.6;1;0;1;1;0;0;2;0;0.07;0.00;0.07;0.07;0.07;Matches
129;Martin Espinoza;CHI;FW;Univ. de Chile;20-171;2006;1;0;3;0.0;0;0;0;0;0;0;0;0;0.00;0.00;0.00;0.00;0.00;Matches
130;Martin Espinoza;CHI;FW;Cobresal;20-171;2006;6;2;188;2.1;0;1;1;0;0;0;0;0;0.00;0.48;0.48;0.00;0.48;Matches
131;Nelson Espinoza;CHI;GK;Unión La Calera;31-014;1995;1;1;90;1.0;0;0;0;0;0;0;0;0;0.00;0.00;0.00;0.00;0.00;Matches
132;Vicente Espinoza;CHI;DF;Palestino;22-326;2003;20;20;1743;19.4;1;1;2;1;0;0;5;0;0.05;0.05;0.10;0.05;0.10;Matches
133;Agustín Farías;ARG;DF,MF;U. Católica;38-285;1987;11;5;446;5.0;0;0;0;0;0;0;1;0;0.00;0.00;0.00;0.00;0.00;Matches
134;Felipe Faúndez;CHI;DF;O'Higgins;20-193;2006;18;16;1458;16.2;0;2;2;0;0;0;5;0;0.00;0.12;0.12;0.00;0.12;Matches
135;Julián Fernández;ARG;MF;Palestino;31-198;1995;13;9;786;8.7;1;3;4;1;0;0;5;1;0.11;0.34;0.46;0.11;0.46;Matches
136;Manuel Fernández;URU;DF;Coquimbo Unido;37-254;1989;15;13;1210;13.4;1;0;1;1;0;0;7;2;0.07;0.00;0.07;0.07;0.07;Matches
137;Matías Fernández;CHI;MF,DF;Colo-Colo;31-053;1995;5;2;178;2.0;0;0;0;0;0;0;0;0;0.00;0.00;0.00;0.00;0.00;Matches
138;Maximiliano Fernández;;;Unión La Calera;;;2;0;19;0.2;0;0;0;0;0;0;0;0;0.00;0.00;0.00;0.00;0.00;Matches
139;Nicolás Fernández;CHI;DF;Univ. de Chile;27-064;1999;8;2;199;2.2;0;0;0;0;0;0;0;0;0.00;0.00;0.00;0.00;0.00;Matches
140;Ronnie Fernández;CHI;FW;Palestino;35-249;1991;17;9;875;9.7;2;1;3;2;0;0;2;0;0.21;0.10;0.31;0.21;0.31;Matches
141;Vicente Fernández;CHI;DF;Everton;27-231;1999;18;11;928;10.3;0;1;1;0;0;0;2;1;0.00;0.10;0.10;0.00;0.10;Matches
142;Enzo Ferrario;CHI;DF;Audax Italiano;26-217;2000;20;20;1783;19.8;1;0;1;1;0;0;3;0;0.05;0.00;0.05;0.05;0.05;Matches
143;Brian Ferreyra;ARG;FW;Unión La Calera;29-329;1996;4;3;213;2.4;1;0;1;1;0;0;1;0;0.42;0.00;0.42;0.42;0.42;Matches
144;Gonzalo Figueroa;ARG;FW;La Serena;26-179;2000;4;2;201;2.2;2;1;3;2;0;0;0;0;0.90;0.45;1.34;0.90;1.34;Matches
145;Juan Figueroa;CHI;MF,FW;Huachipato;23-010;2003;7;5;330;3.7;0;0;0;0;0;0;0;0;0.00;0.00;0.00;0.00;0.00;Matches
146;Gonzalo Flores;CHI;GK;Coquimbo Unido;26-219;2000;3;3;270;3.0;0;0;0;0;0;0;1;0;0.00;0.00;0.00;0.00;0.00;Matches
147;Marcelo Flores;CHI;DF,MF;CD Limache;24-300;2001;17;16;1396;15.5;0;1;1;0;0;0;2;0;0.00;0.06;0.06;0.00;0.06;Matches
148;Franco Frías;ARG;FW,MF;Cobresal;24-203;2002;16;4;513;5.7;4;0;4;4;0;0;1;0;0.70;0.00;0.70;0.70;0.70;Matches
149;Jeison Fuentealba;CHI;MF,FW;U Concepción;23-269;2003;22;21;1764;19.6;3;0;3;1;2;2;5;0;0.15;0.00;0.15;0.05;0.05;Matches
150;César Fuentes;CHI;MF;CD Limache;33-177;1993;14;4;548;6.1;1;0;1;1;0;0;0;0;0.16;0.00;0.16;0.16;0.16;Matches
151;Juan Fuentes;CHI;MF,DF;Cobresal;31-199;1995;16;13;1049;11.7;1;0;1;1;0;0;5;0;0.09;0.00;0.09;0.09;0.09;Matches
152;Michael Fuentes;CHI;MF,FW;Audax Italiano;28-132;1998;17;11;966;10.7;3;0;3;2;1;1;3;0;0.28;0.00;0.28;0.19;0.19;Matches
153;Nicolás Fuentes;CHI;MF;D. Concepción;21-202;2005;1;1;45;0.5;0;0;0;0;0;0;0;0;0.00;0.00;0.00;0.00;0.00;Matches
154;Ignacio Fuenzalida;CHI;FW;Audax Italiano;24-060;2002;2;1;110;1.2;0;0;0;0;0;0;1;0;0.00;0.00;0.00;0.00;0.00;Matches
155;Rogelio Funes Mori;MEX;FW;U Concepción;35-215;1991;5;4;314;3.5;0;1;1;0;0;0;0;0;0.00;0.29;0.29;0.00;0.29;Matches
156;Anibal Gajardo;CHI;DF;Cobresal;21-250;2005;1;1;45;0.5;0;0;0;0;0;0;0;0;0.00;0.00;0.00;0.00;0.00;Matches
157;Sebastián Galani;CHI;MF;Coquimbo Unido;29-050;1997;19;18;1558;17.3;1;0;1;1;0;0;5;0;0.06;0.00;0.06;0.06;0.06;Matches
158;Sebastián Gallegos;URU;MF;Palestino;34-261;1992;22;22;1853;20.6;2;2;4;2;0;0;6;1;0.10;0.10;0.19;0.10;0.19;Matches
159;Tiago Galletto;URU;MF;CD Limache;24-148;2002;8;8;560;6.2;1;0;1;1;0;0;3;0;0.16;0.00;0.16;0.16;0.16;Matches
160;Agustín García Basso;ARG;DF;U. Católica;34-194;1992;4;4;360;4.0;0;0;0;0;0;0;0;0;0.00;0.00;0.00;0.00;0.00;Matches
161;Ian Garguez;CHI;DF,MF;Palestino;21-245;2005;17;17;1302;14.5;1;2;3;1;0;0;2;0;0.07;0.14;0.21;0.07;0.21;Matches
162;Nicolás Garrido;CHI;DF;O'Higgins;24-040;2002;16;12;1218;13.5;0;0;0;0;0;0;6;1;0.00;0.00;0.00;0.00;0.00;Matches
163;Benjamín Gazzolo;CHI;DF;Coquimbo Unido;29-084;1997;20;20;1707;19.0;0;0;0;0;0;0;6;1;0.00;0.00;0.00;0.00;0.00;Matches
164;Justo Giani;ARG;MF;U. Católica;27-182;1999;23;22;1847;20.5;8;5;13;8;0;0;5;0;0.39;0.24;0.63;0.39;0.63;Matches
165;Ángel Gillard;ARG;MF;D. Concepción;24-250;2002;11;1;274;3.0;0;0;0;0;0;0;2;0;0.00;0.00;0.00;0.00;0.00;Matches
166;Dylan Glaby;ARG;MF;Palestino;30-182;1996;5;4;386;4.3;0;0;0;0;0;0;2;0;0.00;0.00;0.00;0.00;0.00;Matches
167;Dylan Glaby;ARG;MF;Coquimbo Unido;30-182;1996;12;4;436;4.8;0;0;0;0;0;0;3;0;0.00;0.00;0.00;0.00;0.00;Matches
168;Rodrigo Godoy;CHI;MF;O'Higgins;21-029;2005;9;1;245;2.7;0;0;0;0;0;0;0;0;0.00;0.00;0.00;0.00;0.00;Matches
169;Albert Gómez;;FW;Palestino;;;5;0;20;0.2;0;0;0;0;0;0;0;0;0.00;0.00;0.00;0.00;0.00;Matches
170;Martín Gómez;ARG;MF;U. Católica;20-158;2006;12;0;141;1.6;2;1;3;2;0;0;0;0;1.28;0.64;1.91;1.28;1.91;Matches
171;Claudio González;CHI;GK;CD Limache;36-163;1990;13;13;1170;13.0;0;0;0;0;0;0;0;0;0.00;0.00;0.00;0.00;0.00;Matches
172;Daniel González;CHI;DF;U. Católica;24-228;2002;11;8;703;7.8;0;1;1;0;0;0;0;0;0.00;0.13;0.13;0.00;0.13;Matches
173;Francisco González;ARG;MF,FW;O'Higgins;25-183;2001;15;14;1143;12.7;5;4;9;5;0;0;1;0;0.39;0.31;0.71;0.39;0.71;Matches
174;Iam González;CHI;MF;U Concepción;22-096;2004;6;1;191;2.1;0;0;0;0;0;0;1;0;0.00;0.00;0.00;0.00;0.00;Matches
175;Joaquin Gonzalez;CHI;MF;Ñublense;25-061;2001;1;0;16;0.2;0;0;0;0;0;0;0;0;0.00;0.00;0.00;0.00;0.00;Matches
176;Leonel González;ARG;DF;U Concepción;32-205;1994;11;9;841;9.3;0;0;0;0;0;0;5;1;0.00;0.00;0.00;0.00;0.00;Matches
177;Mateo González;CHI;DF;D. Concepción;21-135;2005;2;1;101;1.1;0;0;0;0;0;0;0;0;0.00;0.00;0.00;0.00;0.00;Matches
178;Moisés González;CHI;DF;U Concepción;25-318;2000;12;7;669;7.4;0;0;0;0;0;0;2;0;0.00;0.00;0.00;0.00;0.00;Matches
179;Osvaldo González;CHI;DF;U Concepción;42-057;1984;21;20;1765;19.6;1;0;1;1;0;0;6;1;0.05;0.00;0.05;0.05;0.05;Matches
180;Ramiro González;ARG;DF;Everton;35-319;1990;6;3;302;3.4;0;0;0;0;0;0;0;0;0.00;0.00;0.00;0.00;0.00;Matches
181;Yerko González;CHI;DF;CD Limache;25-047;2001;13;13;1044;11.6;2;1;3;2;0;0;1;2;0.17;0.09;0.26;0.17;0.26;Matches
182;Gabriel Graciani;ARG;MF,FW;Ñublense;32-312;1993;19;17;1261;14.0;2;2;4;2;0;0;4;0;0.14;0.14;0.29;0.14;0.29;Matches
183;Fausto Grillo;ARG;DF;D. Concepción;33-228;1993;17;16;1366;15.2;1;0;1;1;0;0;5;1;0.07;0.00;0.07;0.07;0.07;Matches
184;Guillermo Guaiquil;CHI;DF;Huachipato;23-266;2003;13;12;937;10.4;1;2;3;1;0;0;3;0;0.10;0.19;0.29;0.10;0.29;Matches
185;Paolo Guajardo;CHI;MF;Audax Italiano;23-132;2003;21;14;1191;13.2;0;2;2;0;0;0;4;0;0.00;0.15;0.15;0.00;0.15;Matches
186;Maximiliano Guerrero;CHI;MF;Univ. de Chile;26-264;2000;23;18;1617;18.0;2;5;7;2;0;0;4;0;0.11;0.28;0.39;0.11;0.39;Matches
187;Bruno Gutiérrez;CHI;DF,MF;La Serena;24-073;2002;22;20;1774;19.7;1;2;3;1;0;0;7;0;0.05;0.10;0.15;0.05;0.15;Matches
188;Cristián Gutiérrez;CHI;DF,MF;Unión La Calera;29-230;1997;20;14;1280;14.2;0;0;0;0;0;0;2;0;0.00;0.00;0.00;0.00;0.00;Matches
189;Daniel Gutiérrez;CHI;DF;Unión La Calera;23-232;2003;18;18;1614;17.9;0;1;1;0;0;0;8;0;0.00;0.06;0.06;0.00;0.06;Matches
190;Joaquín Gutierrez;CHI;MF,DF;La Serena;24-094;2002;20;9;977;10.9;0;0;0;0;0;0;2;0;0.00;0.00;0.00;0.00;0.00;Matches
191;Maximiliano Gutiérrez;CHI;MF;Huachipato;22-156;2004;3;3;258;2.9;3;0;3;3;0;0;0;0;1.05;0.00;1.05;1.05;1.05;Matches
192;Martín Guzmán;;MF;Everton;;;1;0;16;0.2;0;0;0;0;0;0;0;0;0.00;0.00;0.00;0.00;0.00;Matches
193;Vicente Guzmán;CHI;DF;Ñublense;18-159;2008;2;1;65;0.7;0;0;0;0;0;0;2;0;0.00;0.00;0.00;0.00;0.00;Matches
194;Ángelo Henríquez;CHI;FW,MF;La Serena;32-176;1994;11;8;510;5.7;3;1;4;3;0;0;0;0;0.53;0.18;0.71;0.53;0.71;Matches
195;Jorge Henríquez Neira;CHI;MF,FW;D. Concepción;32-111;1994;20;16;1307;14.5;3;3;6;2;1;1;3;0;0.21;0.21;0.41;0.14;0.34;Matches
196;Elvis Hernández;ARG;DF;Coquimbo Unido;27-012;1999;11;10;786;8.7;0;0;0;0;0;0;2;1;0.00;0.00;0.00;0.00;0.00;Matches
197;Jose Hernandez;CHI;FW;Everton;19-098;2007;1;0;28;0.3;0;0;0;0;0;0;0;0;0.00;0.00;0.00;0.00;0.00;Matches
198;Leandro Hernández;CHI;MF,FW;Colo-Colo;21-116;2005;22;15;1338;14.9;7;4;11;7;0;0;5;0;0.47;0.27;0.74;0.47;0.74;Matches
199;Carlos Herrera;CHI;MF;Huachipato;26-172;2000;6;1;145;1.6;0;0;0;0;0;0;0;0;0.00;0.00;0.00;0.00;0.00;Matches
200;Francisco Herrera;;MF;U Concepción;;;3;0;69;0.8;0;0;0;0;0;0;1;0;0.00;0.00;0.00;0.00;0.00;Matches
201;Martín Hiriart;CHI;MF;Unión La Calera;21-260;2005;7;2;176;2.0;0;0;0;0;0;0;0;0;0.00;0.00;0.00;0.00;0.00;Matches
202;Rodrigo Holgado;MAS;FW;Coquimbo Unido;31-100;1995;3;0;85;0.9;0;0;0;0;0;0;0;0;0.00;0.00;0.00;0.00;0.00;Matches
203;Fabián Hormazábal;CHI;DF,MF;Univ. de Chile;30-163;1996;23;22;1946;21.6;3;2;5;3;0;0;2;0;0.14;0.09;0.23;0.14;0.23;Matches
204;Renato Huerta;CHI;FW;Cobresal;22-231;2004;7;0;250;2.8;1;0;1;1;0;0;1;0;0.36;0.00;0.36;0.36;0.36;Matches
205;Juan Ignacio Díaz;ARG;DF;U. Católica;28-133;1998;13;13;1089;12.1;1;1;2;1;0;0;6;1;0.08;0.08;0.17;0.08;0.17;Matches
206;José Ignacio González;CHI;GK;Everton;36-308;1989;19;19;1710;19.0;0;0;0;0;0;0;1;0;0.00;0.00;0.00;0.00;0.00;Matches
207;Aldrix Jara;CHI;MF;D. Concepción;26-028;2000;19;11;989;11.0;2;0;2;2;0;0;1;0;0.18;0.00;0.18;0.18;0.18;Matches
208;Ignacio Jeraldino;CHI;FW;Ñublense;30-304;1995;21;17;1197;13.3;5;0;5;2;3;3;3;0;0.38;0.00;0.38;0.15;0.15;Matches
209;Martín Jiménez;CHI;DF;Audax Italiano;18-242;2008;6;2;150;1.7;0;0;0;0;0;0;0;0;0.00;0.00;0.00;0.00;0.00;Matches
210;Nicolas Johansen;ARG;FW;Coquimbo Unido;27-256;1999;22;17;1400;15.6;7;0;7;6;1;2;1;0;0.45;0.00;0.45;0.39;0.39;Matches
211;Esteban Kirkman;CHI;GK;Everton;24-082;2002;4;4;360;4.0;0;0;0;0;0;0;0;0;0.00;0.00;0.00;0.00;0.00;Matches
212;Luca Kmet;PAR;MF;U Concepción;21-078;2005;1;0;22;0.2;0;0;0;0;0;0;0;0;0.00;0.00;0.00;0.00;0.00;Matches
213;Nicolás L'Huillier;CHI;DF;U. Católica;21-264;2005;5;3;228;2.5;0;0;0;0;0;0;1;0;0.00;0.00;0.00;0.00;0.00;Matches
214;Federico Lanzillota;ARG;GK;La Serena;33-309;1992;14;14;1203;13.4;0;0;0;0;0;0;4;0;0.00;0.00;0.00;0.00;0.00;Matches
215;David Larrahondo;COL;MF;Huachipato;18-201;2008;1;0;8;0.1;0;0;0;0;0;0;0;0;0.00;0.00;0.00;0.00;0.00;Matches
216;Joaquín Larrivey;ARG;FW,MF;D. Concepción;42-047;1984;19;17;1467;16.3;7;2;9;1;6;8;3;2;0.43;0.12;0.55;0.06;0.18;Matches
217;Vicente Lavín;CHI;DF;Unión La Calera;23-234;2003;5;5;429;4.8;0;0;0;0;0;0;1;0;0.00;0.00;0.00;0.00;0.00;Matches
218;Juan Leiva;CHI;MF;O'Higgins;32-329;1993;20;19;1480;16.4;0;0;0;0;0;0;4;1;0.00;0.00;0.00;0.00;0.00;Matches
219;Yerko Leiva;CHI;MF;Unión La Calera;28-114;1998;15;6;637;7.1;0;0;0;0;0;0;4;0;0.00;0.00;0.00;0.00;0.00;Matches
220;Amaro Leon;CHI;MF;Everton;19-002;2007;3;0;48;0.5;0;0;0;0;0;0;1;0;0.00;0.00;0.00;0.00;0.00;Matches
221;Jason León;CHI;DF,MF;Palestino;26-148;2000;13;8;785;8.7;1;1;2;1;0;0;2;0;0.11;0.11;0.23;0.11;0.23;Matches
222;Maicol León;CHI;MF,DF;Huachipato;23-119;2003;23;14;1293;14.4;1;2;3;1;0;0;3;0;0.07;0.14;0.21;0.07;0.21;Matches
223;Igor Lichnovsky;CHI;DF;Univ. de Chile;32-213;1994;2;0;62;0.7;1;0;1;1;0;0;0;0;1.45;0.00;1.45;1.45;1.45;Matches
224;Misael Llantén;CHI;MF,DF;CD Limache;27-241;1999;22;15;1230;13.7;1;1;2;1;0;0;5;0;0.07;0.07;0.15;0.07;0.15;Matches
225;Santiago Londoño;COL;FW;Everton;18-219;2008;6;2;206;2.3;1;0;1;1;0;0;1;0;0.44;0.00;0.44;0.44;0.44;Matches
226;Favian Loyola;CHI;MF;Audax Italiano;21-141;2005;15;2;335;3.7;0;0;0;0;0;0;2;2;0.00;0.00;0.00;0.00;0.00;Matches
227;Francis Mac Allister;ARG;MF,DF;La Serena;30-341;1995;20;19;1676;18.6;0;0;0;0;0;0;8;1;0.00;0.00;0.00;0.00;0.00;Matches
228;Álvaro Madrid;CHI;MF;Colo-Colo;31-184;1995;22;17;1446;16.1;5;4;9;5;0;0;1;0;0.31;0.25;0.56;0.31;0.56;Matches
229;Hugo Magallanes;URU;DF;Everton;29-041;1997;14;13;1114;12.4;0;0;0;0;0;0;7;2;0.00;0.00;0.00;0.00;0.00;Matches
230;Renzo Malanca;ARG;DF;Huachipato;23-153;2003;11;9;857;9.5;1;0;1;1;0;0;1;0;0.11;0.00;0.11;0.11;0.11;Matches
231;Christian Mansilla;CHI;MF;Ñublense;20-202;2006;8;3;271;3.0;0;0;0;0;0;0;2;0;0.00;0.00;0.00;0.00;0.00;Matches
232;Javier Marcelo Correa;ARG;FW;Colo-Colo;33-348;1992;15;10;871;9.7;12;5;17;11;1;1;2;0;1.24;0.52;1.76;1.14;1.65;Matches
233;Rafael Marcelo Delgado;ARG;DF;La Serena;36-266;1990;20;16;1476;16.4;1;0;1;1;0;0;3;0;0.06;0.00;0.06;0.06;0.06;Matches
234;Francisco Marchant;CHI;MF,FW;Colo-Colo;20-067;2006;14;2;355;3.9;1;1;2;1;0;0;0;0;0.25;0.25;0.51;0.25;0.51;Matches
235;Facundo Marín;ARG;MF;CD Limache;25-351;2000;4;0;15;0.2;0;0;0;0;0;0;0;0;0.00;0.00;0.00;0.00;0.00;Matches
236;Matías Marín;CHI;MF,FW;La Serena;26-291;1999;19;10;941;10.5;3;0;3;3;0;0;5;0;0.29;0.00;0.29;0.29;0.29;Matches
237;Juan Martín Lucero;ARG;FW;Univ. de Chile;34-310;1991;18;7;745;8.3;3;1;4;3;0;0;3;1;0.36;0.12;0.48;0.36;0.48;Matches
238;Brian Martínez;ARG;MF;Everton;27-049;1999;21;9;767;8.5;1;3;4;1;0;0;2;0;0.12;0.35;0.47;0.12;0.47;Matches
239;Cris Martínez;CHI;MF,FW;Huachipato;33-165;1993;17;10;1021;11.3;3;1;4;2;1;1;2;0;0.26;0.09;0.35;0.18;0.26;Matches
240;Fernando Martínez;PAR;MF;D. Concepción;32-146;1994;6;2;204;2.3;0;0;0;0;0;0;1;0;0.00;0.00;0.00;0.00;0.00;Matches
241;Hugo Martínez;PAR;MF;CD Limache;26-162;2000;8;3;379;4.2;0;1;1;0;0;0;0;0;0.00;0.24;0.24;0.00;0.24;Matches
242;Jimmy Martinez;CHI;MF;U. Católica;29-253;1997;20;12;1181;13.1;1;2;3;1;0;0;4;0;0.08;0.15;0.23;0.08;0.23;Matches
243;Ramón Martínez;PAR;MF;CD Limache;30-275;1996;11;11;971;10.8;1;0;1;1;0;0;1;0;0.09;0.00;0.09;0.09;0.09;Matches
244;Federico Mateos;ARG;MF;Audax Italiano;33-192;1993;20;17;1427;15.9;2;1;3;2;0;0;6;1;0.13;0.06;0.19;0.13;0.19;Matches
245;Facundo Mater;SYR;MF;U Concepción;28-075;1998;19;18;1614;17.9;0;1;1;0;0;0;4;0;0.00;0.06;0.06;0.00;0.06;Matches
246;Martín Maturana;CHI;MF;O'Higgins;22-261;2004;16;5;527;5.9;1;1;2;1;0;0;3;0;0.17;0.17;0.34;0.17;0.34;Matches
247;Michael Maturana;CHI;DF;Unión La Calera;22-108;2004;1;1;45;0.5;0;0;0;0;0;0;0;0;0.00;0.00;0.00;0.00;0.00;Matches
248;Esteban Matus;CHI;MF,DF;Audax Italiano;24-236;2002;14;14;1209;13.4;1;4;5;1;0;0;1;0;0.07;0.30;0.37;0.07;0.37;Matches
249;Gabriel Maureira;CHI;GK;Colo-Colo;19-241;2007;13;12;1101;12.2;0;0;0;0;0;0;0;0;0.00;0.00;0.00;0.00;0.00;Matches
250;Gary Medel;CHI;MF;U. Católica;39-064;1987;10;7;660;7.3;0;0;0;0;0;0;3;0;0.00;0.00;0.00;0.00;0.00;Matches
251;Alan Medina;URU;MF,FW;Everton;28-179;1998;23;23;2021;22.5;11;3;14;6;5;5;4;0;0.49;0.13;0.62;0.27;0.40;Matches
252;Sebastián Melgarejo;CHI;MF;Huachipato;17-188;2009;3;1;68;0.8;0;0;0;0;0;0;0;0;0.00;0.00;0.00;0.00;0.00;Matches
253;Sebastián Mella;CHI;GK;Huachipato;21-067;2005;6;5;471;5.2;0;0;0;0;0;0;2;0;0.00;0.00;0.00;0.00;0.00;Matches
254;Benjamín Mellado;CHI;DF;Huachipato;22-325;2003;3;1;98;1.1;0;0;0;0;0;0;0;0;0.00;0.00;0.00;0.00;0.00;Matches
255;Darío Melo;CHI;GK;U. Católica;32-196;1994;3;3;270;3.0;0;0;0;0;0;0;0;0;0.00;0.00;0.00;0.00;0.00;Matches
256;Eugenio Mena;CHI;DF;U. Católica;38-080;1988;14;11;847;9.4;1;0;1;1;0;0;1;0;0.11;0.00;0.11;0.11;0.11;Matches
257;Kevin Méndez;URU;MF;Unión La Calera;30-269;1996;20;18;1580;17.6;4;9;13;4;0;0;4;0;0.23;0.51;0.74;0.23;0.74;Matches
258;Óscar Méndez;URU;MF;Colo-Colo;31-305;1994;4;0;21;0.2;0;0;0;0;0;0;0;0;0.00;0.00;0.00;0.00;0.00;Matches
259;Víctor Méndez;CHI;MF;Colo-Colo;27-013;1999;23;23;2025;22.5;2;4;6;1;1;1;3;0;0.09;0.18;0.27;0.04;0.22;Matches
260;Jean Meneses;CHI;MF,FW;CD Limache;33-204;1993;23;23;2021;22.5;6;9;15;6;0;0;3;0;0.27;0.40;0.67;0.27;0.67;Matches
261;Cristopher Mesías;CHI;MF;U Concepción;28-157;1998;20;14;1173;13.0;1;0;1;1;0;0;9;1;0.08;0.00;0.08;0.08;0.08;Matches
262;Ignacio Mesías;CHI;FW,MF;D. Concepción;25-355;2000;8;6;451;5.0;2;0;2;2;0;0;1;0;0.40;0.00;0.40;0.40;0.40;Matches
263;Fernando Meza;ARG;DF;Palestino;36-199;1990;9;6;603;6.7;0;0;0;0;0;0;3;1;0.00;0.00;0.00;0.00;0.00;Matches
264;Nicolás Meza;CHI;MF;Palestino;24-177;2002;18;11;1024;11.4;0;2;2;0;0;0;1;0;0.00;0.18;0.18;0.00;0.18;Matches
265;Lucas Molina;CHI;FW,MF;Ñublense;20-221;2006;11;9;654;7.3;2;2;4;2;0;0;1;0;0.28;0.28;0.55;0.28;0.55;Matches
266;Diego Monreal;CHI;DF;Audax Italiano;24-031;2002;8;1;151;1.7;0;0;0;0;0;0;0;0;0.00;0.00;0.00;0.00;0.00;Matches
267;Joaquín Montecinos;CHI;MF,FW;CD Limache;30-303;1995;13;7;596;6.6;1;1;2;1;0;0;0;0;0.15;0.15;0.30;0.15;0.30;Matches
268;Joaquín Montecinos;CHI;MF;D. Concepción;30-303;1995;8;5;408;4.5;1;1;2;1;0;0;1;0;0.22;0.22;0.44;0.22;0.44;Matches
269;Clemente Montes;CHI;MF;U. Católica;25-164;2001;15;11;918;10.2;3;4;7;3;0;0;2;2;0.29;0.39;0.69;0.29;0.69;Matches
270;Francisco Montes;CHI;MF;Palestino;22-150;2004;20;12;1026;11.4;3;1;4;3;0;0;6;0;0.26;0.09;0.35;0.26;0.35;Matches
271;Nicolás Montiel;;FW;Everton;;;17;12;965;10.7;7;1;8;7;0;0;4;0;0.65;0.09;0.75;0.65;0.75;Matches
272;Carlos Morales;CHI;FW,DF;CD Limache;26-077;2000;14;2;480;5.3;0;0;0;0;0;0;1;0;0.00;0.00;0.00;0.00;0.00;Matches
273;Cristian Morales;CHI;DF;O'Higgins;19-338;2006;8;5;456;5.1;1;0;1;1;0;0;0;0;0.20;0.00;0.20;0.20;0.20;Matches
274;Janpol Morales;PAN;MF,FW;Cobresal;28-106;1998;7;7;510;5.7;2;1;3;2;0;0;2;1;0.35;0.18;0.53;0.35;0.53;Matches
275;Marcelo Morales;CHI;DF,MF;Univ. de Chile;23-122;2003;17;16;1404;15.6;1;4;5;1;0;0;8;0;0.06;0.26;0.32;0.06;0.32;Matches
276;Esteban Moreira;CHI;FW;O'Higgins;24-231;2002;4;0;81;0.9;0;0;0;0;0;0;0;0;0.00;0.00;0.00;0.00;0.00;Matches
277;Benjamin Moreno;CHI;MF;Cobresal;20-259;2006;5;2;191;2.1;0;0;0;0;0;0;2;1;0.00;0.00;0.00;0.00;0.00;Matches
278;Christian Moreno;ARG;DF;Cobresal;30-162;1996;19;17;1465;16.3;1;0;1;1;0;0;5;0;0.06;0.00;0.06;0.06;0.06;Matches
279;José Movillo;CHI;DF;O'Higgins;19-244;2007;4;3;279;3.1;0;0;0;0;0;0;0;0;0.00;0.00;0.00;0.00;0.00;Matches
280;Camilo Moya;CHI;MF;Unión La Calera;28-229;1998;17;9;791;8.8;0;0;0;0;0;0;4;1;0.00;0.00;0.00;0.00;0.00;Matches
281;Flavio Moya;CHI;MF;CD Limache;20-262;2006;7;2;148;1.6;1;1;2;1;0;0;2;1;0.61;0.61;1.22;0.61;1.22;Matches
282;Joaquín Moya;CHI;MF;Everton;32-297;1993;22;21;1920;21.3;0;0;0;0;0;0;4;0;0.00;0.00;0.00;0.00;0.00;Matches
283;Martín Mundaca;CHI;MF;Coquimbo Unido;19-271;2007;11;7;463;5.1;1;0;1;1;0;0;1;0;0.19;0.00;0.19;0.19;0.19;Matches
284;César Munder;CUB;MF,FW;Palestino;26-272;2000;19;18;1469;16.3;3;4;7;3;0;1;3;0;0.18;0.25;0.43;0.18;0.43;Matches
285;Bastian Muñoz;;MF;Ñublense;;;1;0;1;0.0;0;0;0;0;0;0;0;0;0.00;0.00;0.00;0.00;0.00;Matches
286;Joaquín Muñoz;CHI;FW;O'Higgins;17-122;2009;4;0;67;0.7;0;0;0;0;0;0;0;0;0.00;0.00;0.00;0.00;0.00;Matches
287;Agustín Nadruz;URU;MF;Cobresal;30-099;1996;13;12;1051;11.7;2;0;2;2;0;0;1;0;0.17;0.00;0.17;0.17;0.17;Matches
288;Byron Navarro;CHI;MF;Everton;22-274;2004;3;0;89;1.0;0;0;0;0;0;0;0;0;0.00;0.00;0.00;0.00;0.00;Matches
289;Sergio Núñez;URU;FW,MF;Huachipato;26-098;2000;4;4;322;3.6;2;0;2;2;0;0;0;0;0.56;0.00;0.56;0.56;0.56;Matches
290;Rodrigo Odriozola López;URU;GK;Huachipato;38-036;1988;4;4;360;4.0;0;0;0;0;0;0;2;0;0.00;0.00;0.00;0.00;0.00;Matches
291;Bryan Ogaz;CHI;MF;U Concepción;26-119;2000;19;14;1209;13.4;0;1;1;0;0;0;6;0;0.00;0.07;0.07;0.00;0.07;Matches
292;Felipe Ogaz;CHI;MF;O'Higgins;23-152;2003;20;20;1740;19.3;1;1;2;1;0;0;5;0;0.05;0.05;0.10;0.05;0.10;Matches
293;Alonso Olguín;CHI;DF;Colo-Colo;18-240;2008;3;0;28;0.3;0;0;0;0;0;0;0;0;0.00;0.00;0.00;0.00;0.00;Matches
294;Matias Olguin;CHI;GK;Cobresal;30-200;1996;7;7;630;7.0;0;1;1;0;0;0;0;0;0.00;0.14;0.14;0.00;0.14;Matches
295;Óscar Opazo;CHI;DF;Everton;35-353;1990;5;4;288;3.2;0;0;0;0;0;0;1;0;0.00;0.00;0.00;0.00;0.00;Matches
296;Joan Orellana;CHI;MF;La Serena;21-112;2005;5;1;99;1.1;0;0;0;0;0;0;1;0;0.00;0.00;0.00;0.00;0.00;Matches
297;Alexander Oroz;CHI;MF;La Serena;23-295;2002;5;2;129;1.4;0;0;0;0;0;0;0;0;0.00;0.00;0.00;0.00;0.00;Matches
298;Marcelo Ortiz;ARG;DF;Audax Italiano;32-266;1994;18;16;1434;15.9;0;1;1;0;0;0;3;0;0.00;0.06;0.06;0.00;0.06;Matches
299;Maximiliano Osorio;CHI;DF;Huachipato;21-201;2005;3;0;93;1.0;0;0;0;0;0;0;0;0;0.00;0.00;0.00;0.00;0.00;Matches
300;Josué Ovalle;CHI;MF;Everton;26-139;2000;8;4;370;4.1;1;0;1;1;0;0;0;0;0.24;0.00;0.24;0.24;0.24;Matches
301;Fernando Ovelar;PAR;FW,MF;Ñublense;22-273;2004;19;4;610;6.8;1;1;2;1;0;0;1;0;0.15;0.15;0.30;0.15;0.30;Matches
302;Yerco Oyanedel;CHI;DF,MF;U Concepción;26-017;2000;23;17;1640;18.2;0;2;2;0;0;0;3;0;0.00;0.11;0.11;0.00;0.11;Matches
303;Bayron Oyarzo;CHI;MF;Unión La Calera;30-084;1996;22;17;1383;15.4;1;0;1;1;0;0;3;0;0.07;0.00;0.07;0.07;0.07;Matches
304;Diego Oyarzún;CHI;DF;Everton;33-260;1993;21;21;1889;21.0;0;1;1;0;0;0;2;0;0.00;0.05;0.05;0.00;0.05;Matches
305;Guillermo Pacheco;CHI;DF;Cobresal;37-179;1989;19;14;1307;14.5;2;2;4;2;0;0;4;0;0.14;0.14;0.28;0.14;0.28;Matches
306;Esteban Páez;CHI;DF;U Concepción;17-187;2009;4;2;171;1.9;1;0;1;1;0;0;0;0;0.53;0.00;0.53;0.53;0.53;Matches
307;Cristian Palacios;URU;FW;Everton;36-034;1990;16;7;688;7.6;3;0;3;3;0;0;0;0;0.39;0.00;0.39;0.39;0.39;Matches
308;Matías Palavecino;ARG;MF;U. Católica;28-197;1998;21;13;1253;13.9;2;6;8;2;0;0;4;1;0.14;0.43;0.57;0.14;0.57;Matches
309;Nicolás Palma;CHI;DF;Unión La Calera;24-363;2001;13;13;1112;12.4;0;0;0;0;0;0;2;0;0.00;0.00;0.00;0.00;0.00;Matches
310;Alfonso Parot;CHI;DF;CD Limache;36-356;1989;19;19;1676;18.6;1;1;2;1;0;0;3;0;0.05;0.05;0.11;0.05;0.11;Matches
311;Pablo Parra;CHI;MF,FW;U Concepción;32-075;1994;14;5;484;5.4;0;1;1;0;0;0;3;0;0.00;0.19;0.19;0.00;0.19;Matches
312;Alexander Pastene;CHI;DF;Unión La Calera;26-075;2000;1;1;90;1.0;0;0;0;0;0;0;0;0;0.00;0.00;0.00;0.00;0.00;Matches
313;Lautaro Pastrán;ARG;FW,MF;Colo-Colo;24-101;2002;17;10;871;9.7;4;2;6;4;0;0;3;0;0.41;0.21;0.62;0.41;0.62;Matches
314;Fernando de Paul;CHI;GK;Colo-Colo;35-164;1991;9;9;789;8.8;0;0;0;0;0;0;0;0;0.00;0.00;0.00;0.00;0.00;Matches
315;Luis Pavez Muñoz;CHI;DF;O'Higgins;31-019;1995;18;15;1388;15.4;2;0;2;2;0;0;8;0;0.13;0.00;0.13;0.13;0.13;Matches
316;Jorge Peña;CHI;GK;O'Higgins;26-081;2000;2;2;180;2.0;0;0;0;0;0;0;1;0;0.00;0.00;0.00;0.00;0.00;Matches
317;Pepe;;GK;La Serena;;;9;9;810;9.0;0;0;0;0;0;0;0;0;0.00;0.00;0.00;0.00;0.00;Matches
318;Dixon Pereira;;MF;Coquimbo Unido;;;2;1;50;0.6;0;0;0;0;0;0;0;0;0.00;0.00;0.00;0.00;0.00;Matches
319;Benjamin Pérez;CHI;MF;O'Higgins;19-076;2007;1;0;22;0.2;0;0;0;0;0;0;0;0;0.00;0.00;0.00;0.00;0.00;Matches
320;Ignacio Pérez;CHI;DF;U. Católica;20-122;2006;1;0;6;0.1;0;0;0;0;0;0;0;0;0.00;0.00;0.00;0.00;0.00;Matches
321;Sebastián Pérez Kirby;CHI;GK;Palestino;36-034;1990;23;23;2070;23.0;0;0;0;0;0;0;4;0;0.00;0.00;0.00;0.00;0.00;Matches
322;Matías Pérez;CHI;MF;La Serena;21-176;2005;2;1;53;0.6;0;0;0;0;0;0;0;0;0.00;0.00;0.00;0.00;0.00;Matches
323;Nicola Pérez;URU;GK;Ñublense;36-243;1990;23;23;2070;23.0;0;0;0;0;0;0;3;0;0.00;0.00;0.00;0.00;0.00;Matches
324;Rodrigo Pérez;URU;MF;Unión La Calera;30-075;1996;6;5;385;4.3;0;0;0;0;0;0;1;1;0.00;0.00;0.00;0.00;0.00;Matches
325;Daniel Piña;CHI;DF;Audax Italiano;24-324;2001;19;19;1628;18.1;0;0;0;0;0;0;3;1;0.00;0.00;0.00;0.00;0.00;Matches
326;César Pinares;CHI;MF;Audax Italiano;35-136;1991;8;8;665;7.4;2;1;3;1;1;1;1;0;0.27;0.14;0.41;0.14;0.27;Matches
327;César Pinares;CHI;MF;CD Limache;35-136;1991;8;7;543;6.0;1;0;1;0;1;1;3;0;0.17;0.00;0.17;0.00;0.00;Matches
328;Steffan Pino;CHI;FW;Cobresal;32-222;1994;22;19;1691;18.8;7;1;8;6;1;2;7;0;0.37;0.05;0.43;0.32;0.37;Matches
329;Jorge Pinos;ECU;GK;Cobresal;36-363;1989;6;6;540;6.0;0;0;0;0;0;0;0;0;0.00;0.00;0.00;0.00;0.00;Matches
330;Gabriel Pinto;CHI;MF;O'Higgins;21-223;2005;5;2;175;1.9;0;0;0;0;0;0;0;0;0.00;0.00;0.00;0.00;0.00;Matches
331;Matías Pinto;CHI;MF;La Serena;22-025;2004;10;2;279;3.1;1;2;3;1;0;0;1;0;0.32;0.65;0.97;0.32;0.97;Matches
332;Damián Pizarro;CHI;FW;Audax Italiano;21-192;2005;5;0;82;0.9;0;0;0;0;0;0;0;0;0.00;0.00;0.00;0.00;0.00;Matches
333;Matías Plaza;CHI;MF,FW;Ñublense;25-226;2001;22;16;1336;14.8;2;5;7;0;2;2;3;0;0.13;0.34;0.47;0.00;0.34;Matches
334;Israel Poblete;CHI;MF;Univ. de Chile;31-106;1995;16;13;1137;12.6;0;2;2;0;0;0;1;0;0.00;0.16;0.16;0.00;0.16;Matches
335;Juan Poblete;CHI;DF;O'Higgins;19-218;2007;1;0;22;0.2;0;0;0;0;0;0;1;0;0.00;0.00;0.00;0.00;0.00;Matches
336;Facundo Pons;ARG;FW;Coquimbo Unido;30-318;1995;5;1;110;1.2;0;0;0;0;0;0;2;0;0.00;0.00;0.00;0.00;0.00;Matches
337;Francisco Pozzo;ARG;FW,MF;Unión La Calera;23-083;2003;21;8;843;9.4;2;0;2;2;0;0;0;0;0.21;0.00;0.21;0.21;0.21;Matches
338;Lucas Pratto;ARG;FW;Coquimbo Unido;38-124;1988;16;5;503;5.6;2;0;2;2;0;0;0;0;0.36;0.00;0.36;0.36;0.36;Matches
339;Bryan Rabello;CHI;MF;O'Higgins;32-143;1994;11;10;754;8.4;1;3;4;1;0;0;2;0;0.12;0.36;0.48;0.12;0.48;Matches
340;Felipe Raipán;;FW;Colo-Colo;;;4;0;36;0.4;1;0;1;1;0;0;0;0;2.50;0.00;2.50;2.50;2.50;Matches
341;Franco Rami;ARG;MF,FW;Ñublense;23-189;2003;18;2;567;6.3;3;0;3;3;0;0;3;0;0.48;0.00;0.48;0.48;0.48;Matches
342;Nicolás Ramírez Aguilera;CHI;DF;Univ. de Chile;29-158;1997;21;20;1719;19.1;2;0;2;2;0;0;0;0;0.10;0.00;0.10;0.10;0.10;Matches
343;Benjamin Ramirez;CHI;MF;Cobresal;20-212;2006;4;3;146;1.6;0;0;0;0;0;0;0;0;0.00;0.00;0.00;0.00;0.00;Matches
344;Martín Ramírez;CHI;FW;U Concepción;21-144;2005;2;0;14;0.2;0;0;0;0;0;0;0;0;0.00;0.00;0.00;0.00;0.00;Matches
345;Vicente Ramírez;CHI;FW;Univ. de Chile;19-164;2007;1;0;29;0.3;0;0;0;0;0;0;0;0;0.00;0.00;0.00;0.00;0.00;Matches
346;Emiliano Ramos;CHI;MF;Everton;21-212;2005;23;12;1241;13.8;1;3;4;1;0;0;2;0;0.07;0.22;0.29;0.07;0.29;Matches
347;Ián Rasso;ARG;DF;La Serena;26-053;2000;8;8;720;8.0;0;0;0;0;0;0;2;0;0.00;0.00;0.00;0.00;0.00;Matches
348;Raimundo Rebolledo;CHI;DF,MF;Audax Italiano;29-145;1997;15;14;1219;13.5;0;0;0;0;0;0;4;0;0.00;0.00;0.00;0.00;0.00;Matches
349;Ricardo Rebolledo;;DF;Everton;;;1;0;30;0.3;0;0;0;0;0;0;0;0;0.00;0.00;0.00;0.00;0.00;Matches
350;Tobías Reinhart;ARG;MF;Univ. de Chile;26-138;2000;6;4;427;4.7;0;0;0;0;0;0;1;0;0.00;0.00;0.00;0.00;0.00;Matches
351;Juan Requena;ARG;MF;Unión La Calera;27-255;1999;12;12;1057;11.7;0;0;0;0;0;0;3;1;0.00;0.00;0.00;0.00;0.00;Matches
352;David Retamal;CHI;DF;U Concepción;23-175;2003;13;10;966;10.7;0;0;0;0;0;0;5;1;0.00;0.00;0.00;0.00;0.00;Matches
353;Lorenzo Reyes;CHI;MF;Ñublense;35-115;1991;21;21;1887;21.0;1;0;1;1;0;0;4;0;0.05;0.00;0.05;0.05;0.05;Matches
354;Gonzalo Reyna;ARG;MF;Univ. de Chile;20-075;2006;6;2;175;1.9;1;0;1;1;0;0;0;0;0.51;0.00;0.51;0.51;0.51;Matches
355;Cristián Riquelme;CHI;DF,MF;D. Concepción;22-357;2003;8;3;376;4.2;0;0;0;0;0;0;2;0;0.00;0.00;0.00;0.00;0.00;Matches
356;Cristián Riquelme;CHI;DF,MF;Colo-Colo;22-357;2003;1;0;16;0.2;0;0;0;0;0;0;1;0;0.00;0.00;0.00;0.00;0.00;Matches
357;Manuel Rivera;CHI;MF;Ñublense;30-231;1996;23;22;1744;19.4;1;1;2;1;0;0;4;0;0.05;0.05;0.10;0.05;0.10;Matches
358;Octavio Rivero;URU;FW;Univ. de Chile;34-255;1992;3;1;101;1.1;1;0;1;0;1;1;1;0;0.89;0.00;0.89;0.00;0.00;Matches
359;Luis Riveros;PAR;MF;Coquimbo Unido;28-196;1998;20;12;1026;11.4;2;3;5;2;0;0;2;1;0.18;0.26;0.44;0.18;0.44;Matches
360;Alan Robledo;ARG;DF;O'Higgins;28-231;1998;15;15;1293;14.4;0;0;0;0;0;0;2;0;0.00;0.00;0.00;0.00;0.00;Matches
361;Enzo Roco;CHI;DF;Palestino;34-051;1992;15;14;1290;14.3;1;1;2;1;0;0;5;0;0.07;0.07;0.14;0.07;0.14;Matches
362;Tomás Roco;CHI;MF,DF;U Concepción;20-156;2006;2;2;123;1.4;0;0;0;0;0;0;1;0;0.00;0.00;0.00;0.00;0.00;Matches
363;Maximiliano Rodríguez;CHI;FW,MF;Huachipato;26-128;2000;20;14;1225;13.6;3;3;6;3;0;0;3;1;0.22;0.22;0.44;0.22;0.44;Matches
364;Norman Rodríguez;URU;DF;D. Concepción;28-086;1998;20;20;1765;19.6;3;0;3;3;0;0;4;0;0.15;0.00;0.15;0.15;0.15;Matches
365;Pablo Rodríguez;CHI;MF,FW;Coquimbo Unido;19-330;2006;14;9;766;8.5;3;1;4;3;0;0;3;0;0.35;0.12;0.47;0.35;0.47;Matches
366;Yonatan Rodríguez;URU;MF;D. Concepción;33-097;1993;15;11;1016;11.3;0;0;0;0;0;0;3;0;0.00;0.00;0.00;0.00;0.00;Matches
367;Benjamín Rojas;CHI;DF;O'Higgins;25-219;2001;6;3;294;3.3;0;0;0;0;0;0;1;0;0.00;0.00;0.00;0.00;0.00;Matches
368;Elías Rojas;CHI;MF;Univ. de Chile;18-321;2007;1;1;77;0.9;0;0;0;0;0;0;0;0;0.00;0.00;0.00;0.00;0.00;Matches
369;Javier Rojas;CHI;DF;CD Limache;21-041;2005;7;7;621;6.9;0;1;1;0;0;0;1;0;0.00;0.14;0.14;0.00;0.14;Matches
370;Javier Rojas;CHI;DF;D. Concepción;21-041;2005;9;4;474;5.3;0;0;0;0;0;0;2;0;0.00;0.00;0.00;0.00;0.00;Matches
371;Jeyson Rojas;CHI;MF,DF;Colo-Colo;24-256;2002;22;21;1900;21.1;2;2;4;2;0;0;1;0;0.09;0.09;0.19;0.09;0.19;Matches
372;Luis Rojas;CHI;MF,FW;U Concepción;24-214;2002;11;8;706;7.8;3;1;4;3;0;0;1;0;0.38;0.13;0.51;0.38;0.51;Matches
373;Oliver Rojas;CHI;DF;Audax Italiano;26-117;2000;9;4;448;5.0;0;0;0;0;0;0;1;0;0.00;0.00;0.00;0.00;0.00;Matches
374;Iván Román;CHI;DF;Colo-Colo;20-086;2006;5;2;241;2.7;0;0;0;0;0;0;0;0;0.00;0.00;0.00;0.00;0.00;Matches
375;Fernando Romero;PAR;FW;D. Concepción;26-165;2000;6;0;173;1.9;0;0;0;0;0;0;0;0;0.00;0.00;0.00;0.00;0.00;Matches
376;Leenhan Romero;VEN;MF;D. Concepción;19-339;2006;5;0;146;1.6;0;0;0;0;0;0;1;0;0.00;0.00;0.00;0.00;0.00;Matches
377;Lucas Romero;PAR;MF;Univ. de Chile;24-038;2002;5;3;200;2.2;0;0;0;0;0;0;1;0;0.00;0.00;0.00;0.00;0.00;Matches
378;Maximiliano Romero;ARG;FW,MF;Colo-Colo;27-270;1999;21;17;1436;16.0;8;1;9;6;2;2;0;0;0.50;0.06;0.56;0.38;0.44;Matches
379;Juan Rossel;CHI;FW;U. Católica;21-203;2005;9;2;243;2.7;1;0;1;1;0;0;1;0;0.37;0.00;0.37;0.37;0.37;Matches
380;Diego Rubio;CHI;FW;La Serena;33-144;1993;19;13;1135;12.6;3;3;6;3;0;0;3;0;0.24;0.24;0.48;0.24;0.48;Matches
381;Daniel Saavedra;CHI;MF;Ñublense;22-236;2004;2;0;10;0.1;0;0;0;0;0;0;1;0;0.00;0.00;0.00;0.00;0.00;Matches
382;Diego Sabando;CHI;FW;U Concepción;21-037;2005;5;2;145;1.6;0;0;0;0;0;0;1;0;0.00;0.00;0.00;0.00;0.00;Matches
383;Benjamín Sáez;CHI;DF;U Concepción;21-195;2005;6;4;345;3.8;0;0;0;0;0;0;2;0;0.00;0.00;0.00;0.00;0.00;Matches
384;Sebastián Sáez;ARG;FW,MF;Unión La Calera;41-255;1985;18;18;1588;17.6;9;1;10;6;3;3;2;0;0.51;0.06;0.57;0.34;0.40;Matches
385;Yahir Salazar;CHI;DF;La Serena;21-260;2005;17;15;1368;15.2;0;0;0;0;0;0;1;1;0.00;0.00;0.00;0.00;0.00;Matches
386;Javier Saldías;CHI;MF;Unión La Calera;25-046;2001;4;0;133;1.5;0;0;0;0;0;0;1;0;0.00;0.00;0.00;0.00;0.00;Matches
387;Dilan Salgado;CHI;DF;Palestino;23-086;2003;8;1;167;1.9;0;0;0;0;0;0;3;0;0.00;0.00;0.00;0.00;0.00;Matches
388;Harol Salgado;CHI;MF;U Concepción;26-032;2000;12;3;340;3.8;0;0;0;0;0;0;2;0;0.00;0.00;0.00;0.00;0.00;Matches
389;Francisco Salinas;CHI;DF;Coquimbo Unido;26-306;1999;19;19;1670;18.6;0;2;2;0;0;0;6;1;0.00;0.11;0.11;0.00;0.11;Matches
390;Carlos Salomon;CHI;DF;Ñublense;26-192;2000;5;0;44;0.5;0;0;0;0;0;0;0;0;0.00;0.00;0.00;0.00;0.00;Matches
391;Felipe Salomoni;ARG;MF,DF;Univ. de Chile;23-192;2003;7;2;151;1.7;0;1;1;0;0;0;0;1;0.00;0.60;0.60;0.00;0.60;Matches
392;Felipe Salomoni;ARG;DF;Audax Italiano;23-192;2003;6;5;468;5.2;0;0;0;0;0;0;1;0;0.00;0.00;0.00;0.00;0.00;Matches
393;Juan Salomoni;ARG;DF;Unión La Calera;28-364;1997;8;8;698;7.8;0;0;0;0;0;0;1;0;0.00;0.00;0.00;0.00;0.00;Matches
394;Diego Sánchez Carvajal;CHI;GK;Coquimbo Unido;39-151;1987;20;20;1799;20.0;0;0;0;0;0;0;2;1;0.00;0.00;0.00;0.00;0.00;Matches
395;Bastian Sandoval;;FW;La Serena;;;3;0;31;0.3;0;0;0;0;0;0;0;0;0.00;0.00;0.00;0.00;0.00;Matches
396;Mario Sandoval;CHI;MF;Audax Italiano;19-060;2007;15;3;470;5.2;0;0;0;0;0;0;3;0;0.00;0.00;0.00;0.00;0.00;Matches
397;Mario Sandoval;CHI;MF;D. Concepción;35-074;1991;17;12;1110;12.3;2;0;2;2;0;0;3;0;0.16;0.00;0.16;0.16;0.16;Matches
398;Rodrigo Sandoval;CHI;DF;Cobresal;25-258;2001;11;8;573;6.4;0;0;0;0;0;0;2;0;0.00;0.00;0.00;0.00;0.00;Matches
399;Diego Sanhueza;CHI;MF,DF;Ñublense;24-098;2002;21;12;1183;13.1;2;0;2;2;0;0;4;0;0.15;0.00;0.15;0.15;0.15;Matches
400;José Sanhueza;CHI;GK;U Concepción;25-217;2001;9;9;810;9.0;0;0;0;0;0;0;1;0;0.00;0.00;0.00;0.00;0.00;Matches
401;Eryin Sanhueza Mora;CHI;GK;La Serena;30-250;1996;1;0;57;0.6;0;0;0;0;0;0;0;0;0.00;0.00;0.00;0.00;0.00;Matches
402;Alejandro Santander;CHI;GK;Cobresal;23-335;2002;10;10;900;10.0;0;0;0;0;0;0;1;0;0.00;0.00;0.00;0.00;0.00;Matches
403;Martín Sarrafiore;ARG;MF,FW;O'Higgins;29-078;1997;13;10;790;8.8;2;1;3;2;0;0;2;0;0.23;0.11;0.34;0.23;0.34;Matches
404;Benjamín Schamine;ARG;MF;O'Higgins;22-347;2003;10;3;333;3.7;0;0;0;0;0;0;1;0;0.00;0.00;0.00;0.00;0.00;Matches
405;Ignacio Schor;ARG;MF;O'Higgins;26-063;2000;5;5;287;3.2;0;1;1;0;0;0;1;0;0.00;0.31;0.31;0.00;0.31;Matches
406;Claudio Sepúlveda;CHI;MF;Huachipato;34-109;1992;21;20;1724;19.2;1;1;2;1;0;0;4;0;0.05;0.05;0.10;0.05;0.10;Matches
407;Cristóbal Sepúlveda;CHI;MF;La Serena;18-263;2008;2;0;31;0.3;0;0;0;0;0;0;0;0;0.00;0.00;0.00;0.00;0.00;Matches
408;Matías Sepúlveda;CHI;FW;Cobresal;20-140;2006;3;1;61;0.7;0;0;0;0;0;0;0;0;0.00;0.00;0.00;0.00;0.00;Matches
409;Nelson Sepúlveda;CHI;MF;D. Concepción;34-257;1992;11;7;655;7.3;0;0;0;0;0;0;5;0;0.00;0.00;0.00;0.00;0.00;Matches
410;Santiago Silva;URU;MF;Huachipato;22-047;2004;14;14;1159;12.9;1;0;1;1;0;0;1;0;0.08;0.00;0.08;0.08;0.08;Matches
411;Santiago Silva;URU;GK;U Concepción;27-148;1999;8;8;720;8.0;0;0;0;0;0;0;2;0;0.00;0.00;0.00;0.00;0.00;Matches
412;Gonzalo Sosa;ARG;FW;CD Limache;37-275;1989;23;14;1401;15.6;6;0;6;6;0;1;4;1;0.39;0.00;0.39;0.39;0.39;Matches
413;Joaquin Sosa;URU;DF;Colo-Colo;24-269;2002;19;19;1594;17.7;1;0;1;1;0;0;3;0;0.06;0.00;0.06;0.06;0.06;Matches
414;Bryan Soto;CHI;MF;Audax Italiano;25-116;2001;5;5;298;3.3;0;0;0;0;0;0;2;0;0.00;0.00;0.00;0.00;0.00;Matches
415;Joaquín Soto;CHI;MF;Unión La Calera;19-186;2007;20;13;1031;11.5;0;1;1;0;0;0;1;0;0.00;0.09;0.09;0.00;0.09;Matches
416;Lucas Soto;CHI;DF,MF;Everton;23-224;2003;19;14;1337;14.9;3;2;5;3;0;0;6;0;0.20;0.13;0.34;0.20;0.34;Matches
417;Lukas Soza;CHI;DF;Coquimbo Unido;28-260;1998;5;4;447;5.0;0;0;0;0;0;0;1;0;0.00;0.00;0.00;0.00;0.00;Matches
418;Nicolás Stefanelli;ARG;MF,FW;La Serena;31-318;1994;10;4;374;4.2;2;0;2;2;0;0;0;0;0.48;0.00;0.48;0.48;0.48;Matches
419;Cristián Suárez;CHI;DF;D. Concepción;39-242;1987;7;6;530;5.9;0;0;0;0;0;0;0;0;0.00;0.00;0.00;0.00;0.00;Matches
420;Martin Suazo;CHI;MF;U Concepción;20-009;2006;1;1;45;0.5;0;0;0;0;0;0;0;0;0.00;0.00;0.00;0.00;0.00;Matches
421;Bianneider Tamayo;VEN;DF;Univ. de Chile;21-266;2005;8;6;517;5.7;1;0;1;1;0;0;2;0;0.17;0.00;0.17;0.17;0.17;Matches
422;Gonzalo Tapia;CHI;MF,FW;Palestino;30-224;1996;18;5;715;7.9;5;0;5;4;1;2;1;0;0.63;0.00;0.63;0.50;0.50;Matches
423;Ignacio Tapia;ARG;FW,MF;Ñublense;22-035;2004;14;7;714;7.9;2;1;3;2;0;0;5;0;0.25;0.13;0.38;0.25;0.38;Matches
424;Joaquín Tapia;CHI;MF;O'Higgins;21-286;2004;13;4;478;5.3;0;1;1;0;0;0;1;0;0.00;0.19;0.19;0.00;0.19;Matches
425;José Tiznado;CHI;DF;Cobresal;32-033;1994;20;19;1755;19.5;1;0;1;1;0;0;3;0;0.05;0.00;0.05;0.05;0.05;Matches
426;Santiago Toloza;ARG;MF;O'Higgins;23-343;2002;5;1;161;1.8;0;3;3;0;0;0;1;0;0.00;1.68;1.68;0.00;1.68;Matches
427;Cristian Toro;CHI;DF;Huachipato;25-330;2000;7;5;502;5.6;0;0;0;0;0;0;2;0;0.00;0.00;0.00;0.00;0.00;Matches
428;Martín Torrejón;;FW;Huachipato;;;1;0;5;0.1;0;0;0;0;0;0;1;0;0.00;0.00;0.00;0.00;0.00;Matches
429;Claudio Torres;CHI;MF;Huachipato;23-190;2003;6;1;135;1.5;0;0;0;0;0;0;0;0;0.00;0.00;0.00;0.00;0.00;Matches
430;Franco Troyansky;ARG;FW;Audax Italiano;29-214;1997;22;15;1287;14.3;4;0;4;3;1;1;4;0;0.28;0.00;0.28;0.21;0.21;Matches
431;Bastián Ubal;CHI;DF,MF;U Concepción;24-250;2002;9;6;533;5.9;0;0;0;0;0;0;3;0;0.00;0.00;0.00;0.00;0.00;Matches
432;Diego Ulloa;CHI;MF,DF;Colo-Colo;23-112;2003;21;21;1694;18.8;0;1;1;0;0;0;2;0;0.00;0.05;0.05;0.00;0.05;Matches
433;Ariel Uribe;CHI;MF;U Concepción;27-234;1999;13;2;352;3.9;0;0;0;0;0;0;0;0;0.00;0.00;0.00;0.00;0.00;Matches
434;Ariel Uribe;CHI;FW;Audax Italiano;27-234;1999;5;1;163;1.8;0;0;0;0;0;0;0;0;0.00;0.00;0.00;0.00;0.00;Matches
435;Agustín Urzi;ARG;MF,FW;U Concepción;26-155;2000;14;12;872;9.7;1;3;4;1;0;0;2;0;0.10;0.31;0.41;0.10;0.41;Matches
436;Javier Urzúa;CHI;MF;Univ. de Chile;27-046;1999;18;9;927;10.3;2;0;2;2;0;0;3;0;0.19;0.00;0.19;0.19;0.19;Matches
437;Guido Vadalá;ARG;MF;Coquimbo Unido;29-240;1997;18;12;985;10.9;3;0;3;3;0;0;2;0;0.27;0.00;0.27;0.27;0.27;Matches
438;Alex Valdés;CHI;MF;Ñublense;24-059;2002;13;1;301;3.3;0;1;1;0;0;0;0;0;0.00;0.30;0.30;0.00;0.30;Matches
439;Martín Valdés;CHI;DF;Audax Italiano;20-101;2006;1;1;45;0.5;0;0;0;0;0;0;0;0;0.00;0.00;0.00;0.00;0.00;Matches
440;Diego Valencia;CHI;FW,MF;U. Católica;26-265;2000;5;0;81;0.9;0;1;1;0;0;0;0;0;0.00;1.11;1.11;0.00;1.11;Matches
441;Esteban Valencia;CHI;MF;Cobresal;27-054;1999;12;1;331;3.7;0;1;1;0;0;0;2;0;0.00;0.27;0.27;0.00;0.27;Matches
442;Jhojan Valencia;COL;MF;U. Católica;30-071;1996;21;17;1453;16.1;0;0;0;0;0;0;7;0;0.00;0.00;0.00;0.00;0.00;Matches
443;Leonardo Valencia;CHI;MF,FW;CD Limache;35-164;1991;6;5;393;4.4;0;1;1;0;0;0;1;0;0.00;0.23;0.23;0.00;0.23;Matches
444;Leonardo Valencia;CHI;MF,FW;D. Concepción;35-164;1991;13;10;787;8.7;1;1;2;0;1;1;1;0;0.11;0.11;0.23;0.00;0.11;Matches
445;Sebastián Valencia;CHI;DF;Ñublense;26-235;2000;17;16;1454;16.2;3;0;3;3;0;0;5;1;0.19;0.00;0.19;0.19;0.19;Matches
446;Benjamin Valenzuela;CHI;MF,DF;Cobresal;21-185;2005;15;8;684;7.6;1;1;2;1;0;0;2;0;0.13;0.13;0.26;0.13;0.26;Matches
447;Dilan Varas;CHI;DF;D. Concepción;21-188;2005;9;9;667;7.4;0;0;0;0;0;0;0;0;0.00;0.00;0.00;0.00;0.00;Matches
448;Diego Vargas;CHI;MF,DF;Univ. de Chile;20-036;2006;4;4;271;3.0;0;0;0;0;0;0;0;0;0.00;0.00;0.00;0.00;0.00;Matches
449;Eduardo Vargas;CHI;FW;Univ. de Chile;36-320;1989;21;19;1655;18.4;9;3;12;8;1;1;3;0;0.49;0.16;0.65;0.44;0.60;Matches
450;Jeisson Vargas;CHI;MF,FW;La Serena;29-021;1997;23;23;1978;22.0;7;7;14;5;2;2;0;0;0.32;0.32;0.64;0.23;0.55;Matches
451;Nicolás Vargas;CHI;DF;Huachipato;34-021;1992;21;21;1819;20.2;1;1;2;1;0;0;4;0;0.05;0.05;0.10;0.05;0.10;Matches
452;Ignacio Vásquez;CHI;MF,FW;Univ. de Chile;20-137;2006;20;7;758;8.4;1;1;2;1;0;0;1;0;0.12;0.12;0.24;0.12;0.24;Matches
453;Thiago Vecino;URU;FW;O'Higgins;27-223;1999;17;5;662;7.4;4;1;5;3;1;1;2;0;0.54;0.14;0.68;0.41;0.54;Matches
454;Vicente Vega;CHI;DF;Everton;22-153;2004;4;4;291;3.2;0;0;0;0;0;0;1;0;0.00;0.00;0.00;0.00;0.00;Matches
455;Brayan Véjar;CHI;DF;D. Concepción;31-084;1995;11;5;490;5.4;0;0;0;0;0;0;0;0;0.00;0.00;0.00;0.00;0.00;Matches
456;Lucas Velásquez;CHI;DF,MF;Huachipato;20-246;2006;17;16;1145;12.7;0;0;0;0;0;0;1;0;0.00;0.00;0.00;0.00;0.00;Matches
457;Milovan Velásquez;CHI;MF;La Serena;19-072;2007;4;0;45;0.5;0;0;0;0;0;0;0;0;0.00;0.00;0.00;0.00;0.00;Matches
458;Mauricio Vera;ARG;MF;D. Concepción;28-151;1998;2;2;160;1.8;0;0;0;0;0;0;1;0;0.00;0.00;0.00;0.00;0.00;Matches
459;Arturo Vidal;CHI;DF,MF;Colo-Colo;39-137;1987;21;21;1744;19.4;1;1;2;1;0;1;8;0;0.05;0.05;0.10;0.05;0.10;Matches
460;Valentín Vidal;CHI;DF;Everton;22-147;2004;16;13;1224;13.6;0;0;0;0;0;0;4;0;0.00;0.00;0.00;0.00;0.00;Matches
461;Jonathan Villagra;CHI;DF;Colo-Colo;25-191;2001;22;22;1957;21.7;0;3;3;0;0;0;2;0;0.00;0.14;0.14;0.00;0.14;Matches
462;Felipe Villagrán;CHI;MF;Everton;29-203;1997;2;0;29;0.3;0;0;0;0;0;0;0;0;0.00;0.00;0.00;0.00;0.00;Matches
463;Felipe Villagrán;CHI;MF;Cobresal;29-203;1997;8;7;568;6.3;0;3;3;0;0;0;0;0;0.00;0.48;0.48;0.00;0.48;Matches
464;Dieter Villalpando;MEX;MF;Everton;35-063;1991;8;6;515;5.7;0;0;0;0;0;0;0;1;0.00;0.00;0.00;0.00;0.00;Matches
465;Carlo Villanueva;CHI;MF,FW;Unión La Calera;27-097;1999;14;8;650;7.2;0;0;0;0;0;0;3;0;0.00;0.00;0.00;0.00;0.00;Matches
466;Benjamín Villarroel;;;Cobresal;;;1;0;6;0.1;0;0;0;0;0;0;0;0;0.00;0.00;0.00;0.00;0.00;Matches
467;Vicente Villegas;CHI;GK;Coquimbo Unido;17-044;2009;1;0;1;0.0;0;0;0;0;0;0;0;0;0.00;0.00;0.00;0.00;0.00;Matches
468;Vozinha;CPV;GK;Colo-Colo;40-125;1986;2;2;180;2.0;0;0;0;0;0;0;0;0;0.00;0.00;0.00;0.00;0.00;Matches
469;Cecilio Waterman;PAN;FW;U Concepción;35-176;1991;19;19;1682;18.7;5;1;6;5;0;0;3;1;0.27;0.05;0.32;0.27;0.32;Matches
470;Érick Wiemberg;CHI;DF,MF;Colo-Colo;32-108;1994;14;6;689;7.7;0;1;1;0;0;0;2;1;0.00;0.13;0.13;0.00;0.13;Matches
471;Bastián Yañez;CHI;MF;O'Higgins;25-107;2001;20;14;1140;12.7;2;2;4;2;0;0;0;1;0.16;0.16;0.32;0.16;0.32;Matches
472;César Yanis;PAN;MF;Cobresal;30-251;1996;19;14;1260;14.0;1;2;3;1;0;0;0;0;0.07;0.14;0.21;0.07;0.21;Matches
473;Matías Zaldivia;CHI;DF;Univ. de Chile;35-257;1991;17;16;1457;16.2;2;0;2;2;0;0;3;0;0.12;0.00;0.12;0.12;0.12;Matches
474;Cristóbal Zambrano;CHI;FW;U Concepción;18-100;2008;4;1;128;1.4;0;0;0;0;0;0;0;0;0.00;0.00;0.00;0.00;0.00;Matches
475;Fernando Zampedri;CHI;FW;U. Católica;38-234;1988;22;21;1863;20.7;25;3;28;18;7;7;5;0;1.21;0.14;1.35;0.87;1.01;Matches
476;Andrés Zanini;ARG;DF;La Serena;29-261;1997;9;8;635;7.1;0;0;0;0;0;0;2;0;0.00;0.00;0.00;0.00;0.00;Matches
477;Cristián Zavala;CHI;MF;Coquimbo Unido;27-064;1999;16;11;1004;11.2;2;4;6;2;0;0;5;0;0.18;0.36;0.54;0.18;0.54;Matches
478;Vicente Zenteno;;MF,DF;Audax Italiano;;;7;5;479;5.3;1;0;1;1;0;0;0;0;0.19;0.00;0.19;0.19;0.19;Matches
479;Dilan Zúñiga;CHI;DF,MF;Palestino;30-072;1996;19;18;1621;18.0;1;3;4;1;0;0;3;0;0.06;0.17;0.22;0.06;0.22;Matches
480;Fernando Zuqui;ARG;MF;U. Católica;34-313;1991;14;10;861;9.6;0;1;1;0;0;0;3;1;0.00;0.10;0.10;0.00;0.10;Matches